step,elapsed_s,train_loss,eval_loss,max_abs_err,mean_abs_err,median_abs_err,frac_under_boyd,max_abs_err_bulk,mean_abs_err_bulk,median_abs_err_bulk
100,0.5,0.195100,,,,,,,,
200,0.8,0.150319,,,,,,,,
300,1.1,0.107780,,,,,,,,
400,1.4,0.113788,,,,,,,,
500,1.7,0.033392,,,,,,,,
600,2.0,0.007103,,,,,,,,
700,2.3,0.002184,,,,,,,,
800,2.6,0.001877,,,,,,,,
900,2.9,0.001644,,,,,,,,
1000,3.2,0.001320,,,,,,,,
1100,3.5,0.001321,,,,,,,,
1200,3.8,0.001247,,,,,,,,
1300,4.1,0.001778,,,,,,,,
1400,4.4,0.001307,,,,,,,,
1500,4.7,0.001062,,,,,,,,
1600,5.0,0.000675,,,,,,,,
1700,5.3,0.000402,,,,,,,,
1800,5.6,0.000170,,,,,,,,
1900,5.9,0.000181,,,,,,,,
2000,6.2,0.000137,,,,,,,,
2100,6.5,0.000163,,,,,,,,
2200,6.8,0.000103,,,,,,,,
2300,7.1,0.000096,,,,,,,,
2400,7.4,0.000085,,,,,,,,
2500,7.7,0.000080,,,,,,,,
2600,8.0,0.000078,,,,,,,,
2700,8.4,0.000069,,,,,,,,
2800,8.7,0.000059,,,,,,,,
2900,9.0,0.000051,,,,,,,,
3000,9.3,0.000067,,,,,,,,
3100,9.6,0.000062,,,,,,,,
3200,9.9,0.000041,,,,,,,,
3300,10.2,0.000060,,,,,,,,
3400,10.5,0.000063,,,,,,,,
3500,10.8,0.000042,,,,,,,,
3600,11.1,0.000031,,,,,,,,
3700,11.4,0.000046,,,,,,,,
3800,11.7,0.000025,,,,,,,,
3900,12.0,0.000027,,,,,,,,
4000,12.3,0.000030,,,,,,,,
4100,12.6,0.000020,,,,,,,,
4200,12.9,0.000062,,,,,,,,
4300,13.2,0.000026,,,,,,,,
4400,13.5,0.000038,,,,,,,,
4500,13.8,0.000029,,,,,,,,
4600,14.1,0.000026,,,,,,,,
4700,14.4,0.000040,,,,,,,,
4800,14.7,0.000040,,,,,,,,
4900,15.0,0.000027,,,,,,,,
5000,16.6,0.000034,0.000025,2.841061e-01,2.474195e-02,2.068694e-02,0.000000,1.794257e-01,2.376534e-02,1.990000e-02
5100,16.8,0.000015,,,,,,,,
5200,17.1,0.000038,,,,,,,,
5300,17.4,0.000015,,,,,,,,
5400,17.7,0.000024,,,,,,,,
5500,18.0,0.000025,,,,,,,,
5600,18.3,0.000032,,,,,,,,
5700,18.6,0.000048,,,,,,,,
5800,18.9,0.000027,,,,,,,,
5900,19.2,0.000020,,,,,,,,
6000,19.5,0.000025,,,,,,,,
6100,19.9,0.000014,,,,,,,,
6200,20.2,0.000017,,,,,,,,
6300,20.5,0.000023,,,,,,,,
6400,20.8,0.000040,,,,,,,,
6500,21.1,0.000036,,,,,,,,
6600,21.4,0.000015,,,,,,,,
6700,21.7,0.000022,,,,,,,,
6800,22.0,0.000030,,,,,,,,
6900,22.3,0.000018,,,,,,,,
7000,22.6,0.000017,,,,,,,,
7100,22.9,0.000044,,,,,,,,
7200,23.2,0.000017,,,,,,,,
7300,23.5,0.000013,,,,,,,,
7400,23.8,0.000020,,,,,,,,
7500,24.1,0.000019,,,,,,,,
7600,24.4,0.000021,,,,,,,,
7700,24.7,0.000024,,,,,,,,
7800,25.0,0.000038,,,,,,,,
7900,25.3,0.000017,,,,,,,,
8000,25.6,0.000012,,,,,,,,
8100,25.9,0.000014,,,,,,,,
8200,26.2,0.000016,,,,,,,,
8300,26.5,0.000011,,,,,,,,
8400,26.8,0.000012,,,,,,,,
8500,27.1,0.000015,,,,,,,,
8600,27.4,0.000021,,,,,,,,
8700,27.7,0.000013,,,,,,,,
8800,28.0,0.000011,,,,,,,,
8900,28.3,0.000009,,,,,,,,
9000,28.6,0.000011,,,,,,,,
9100,28.9,0.000035,,,,,,,,
9200,29.2,0.000018,,,,,,,,
9300,29.5,0.000010,,,,,,,,
9400,29.8,0.000017,,,,,,,,
9500,30.1,0.000016,,,,,,,,
9600,30.4,0.000018,,,,,,,,
9700,30.8,0.000019,,,,,,,,
9800,31.1,0.000022,,,,,,,,
9900,31.4,0.000025,,,,,,,,
10000,32.8,0.000010,0.000015,2.169827e-01,1.834503e-02,1.474134e-02,0.000000,1.554710e-01,1.859651e-02,1.509725e-02
10100,33.0,0.000029,,,,,,,,
10200,33.3,0.000027,,,,,,,,
10300,33.6,0.000016,,,,,,,,
10400,33.9,0.000014,,,,,,,,
10500,34.2,0.000011,,,,,,,,
10600,34.5,0.000009,,,,,,,,
10700,34.8,0.000012,,,,,,,,
10800,35.1,0.000018,,,,,,,,
10900,35.4,0.000028,,,,,,,,
11000,35.7,0.000012,,,,,,,,
11100,36.1,0.000016,,,,,,,,
11200,36.4,0.000008,,,,,,,,
11300,36.7,0.000017,,,,,,,,
11400,37.0,0.000030,,,,,,,,
11500,37.3,0.000019,,,,,,,,
11600,37.6,0.000009,,,,,,,,
11700,37.9,0.000011,,,,,,,,
11800,38.2,0.000014,,,,,,,,
11900,38.5,0.000023,,,,,,,,
12000,38.8,0.000007,,,,,,,,
12100,39.1,0.000009,,,,,,,,
12200,39.4,0.000020,,,,,,,,
12300,39.7,0.000010,,,,,,,,
12400,40.0,0.000010,,,,,,,,
12500,40.3,0.000013,,,,,,,,
12600,40.6,0.000011,,,,,,,,
12700,40.9,0.000027,,,,,,,,
12800,41.2,0.000013,,,,,,,,
12900,41.5,0.000021,,,,,,,,
13000,41.8,0.000017,,,,,,,,
13100,42.1,0.000010,,,,,,,,
13200,42.4,0.000015,,,,,,,,
13300,42.7,0.000013,,,,,,,,
13400,43.0,0.000009,,,,,,,,
13500,43.3,0.000014,,,,,,,,
13600,43.6,0.000007,,,,,,,,
13700,43.9,0.000011,,,,,,,,
13800,44.2,0.000007,,,,,,,,
13900,44.5,0.000016,,,,,,,,
14000,44.8,0.000007,,,,,,,,
14100,45.1,0.000009,,,,,,,,
14200,45.4,0.000018,,,,,,,,
14300,45.7,0.000008,,,,,,,,
14400,46.0,0.000008,,,,,,,,
14500,46.3,0.000008,,,,,,,,
14600,46.6,0.000009,,,,,,,,
14700,46.9,0.000007,,,,,,,,
14800,47.2,0.000010,,,,,,,,
14900,47.5,0.000018,,,,,,,,
15000,49.0,0.000016,0.000017,2.904959e-01,1.772644e-02,1.203306e-02,0.000000,1.938514e-01,1.672898e-02,1.168095e-02
15100,49.2,0.000015,,,,,,,,
15200,49.5,0.000012,,,,,,,,
15300,49.8,0.000013,,,,,,,,
15400,50.1,0.000019,,,,,,,,
15500,50.4,0.000009,,,,,,,,
15600,50.7,0.000008,,,,,,,,
15700,51.0,0.000008,,,,,,,,
15800,51.3,0.000008,,,,,,,,
15900,51.6,0.000009,,,,,,,,
16000,51.9,0.000011,,,,,,,,
16100,52.2,0.000007,,,,,,,,
16200,52.5,0.000012,,,,,,,,
16300,52.8,0.000011,,,,,,,,
16400,53.1,0.000008,,,,,,,,
16500,53.4,0.000009,,,,,,,,
16600,53.7,0.000008,,,,,,,,
16700,54.0,0.000012,,,,,,,,
16800,54.3,0.000009,,,,,,,,
16900,54.6,0.000007,,,,,,,,
17000,54.9,0.000006,,,,,,,,
17100,55.2,0.000007,,,,,,,,
17200,55.5,0.000013,,,,,,,,
17300,55.8,0.000016,,,,,,,,
17400,56.1,0.000007,,,,,,,,
17500,56.4,0.000017,,,,,,,,
17600,56.7,0.000013,,,,,,,,
17700,57.0,0.000009,,,,,,,,
17800,57.3,0.000008,,,,,,,,
17900,57.6,0.000009,,,,,,,,
18000,58.0,0.000008,,,,,,,,
18100,58.3,0.000008,,,,,,,,
18200,58.6,0.000011,,,,,,,,
18300,58.9,0.000013,,,,,,,,
18400,59.2,0.000007,,,,,,,,
18500,59.4,0.000009,,,,,,,,
18600,59.7,0.000013,,,,,,,,
18700,60.0,0.000010,,,,,,,,
18800,60.3,0.000011,,,,,,,,
18900,60.6,0.000014,,,,,,,,
19000,60.9,0.000008,,,,,,,,
19100,61.2,0.000010,,,,,,,,
19200,61.5,0.000010,,,,,,,,
19300,61.8,0.000011,,,,,,,,
19400,62.1,0.000010,,,,,,,,
19500,62.5,0.000005,,,,,,,,
19600,62.8,0.000011,,,,,,,,
19700,63.1,0.000013,,,,,,,,
19800,63.4,0.000009,,,,,,,,
19900,63.7,0.000006,,,,,,,,
20000,65.1,0.000011,0.000011,2.308151e-01,1.527866e-02,1.179931e-02,0.000000,1.572151e-01,1.454098e-02,1.141695e-02
20100,65.3,0.000015,,,,,,,,
20200,65.6,0.000015,,,,,,,,
20300,65.9,0.000011,,,,,,,,
20400,66.2,0.000009,,,,,,,,
20500,66.5,0.000007,,,,,,,,
20600,66.8,0.000013,,,,,,,,
20700,67.1,0.000005,,,,,,,,
20800,67.4,0.000018,,,,,,,,
20900,67.7,0.000009,,,,,,,,
21000,68.0,0.000006,,,,,,,,
21100,68.3,0.000010,,,,,,,,
21200,68.6,0.000006,,,,,,,,
21300,68.9,0.000013,,,,,,,,
21400,69.2,0.000007,,,,,,,,
21500,69.5,0.000006,,,,,,,,
21600,69.8,0.000007,,,,,,,,
21700,70.1,0.000005,,,,,,,,
21800,70.4,0.000007,,,,,,,,
21900,70.7,0.000011,,,,,,,,
22000,71.0,0.000005,,,,,,,,
22100,71.3,0.000016,,,,,,,,
22200,71.6,0.000023,,,,,,,,
22300,71.9,0.000006,,,,,,,,
22400,72.2,0.000009,,,,,,,,
22500,72.5,0.000010,,,,,,,,
22600,72.8,0.000006,,,,,,,,
22700,73.1,0.000014,,,,,,,,
22800,73.4,0.000006,,,,,,,,
22900,73.7,0.000009,,,,,,,,
23000,74.0,0.000010,,,,,,,,
23100,74.3,0.000016,,,,,,,,
23200,74.6,0.000008,,,,,,,,
23300,74.9,0.000011,,,,,,,,
23400,75.2,0.000007,,,,,,,,
23500,75.5,0.000010,,,,,,,,
23600,75.8,0.000005,,,,,,,,
23700,76.1,0.000015,,,,,,,,
23800,76.4,0.000007,,,,,,,,
23900,76.7,0.000009,,,,,,,,
24000,77.0,0.000009,,,,,,,,
24100,77.3,0.000008,,,,,,,,
24200,77.6,0.000005,,,,,,,,
24300,77.9,0.000006,,,,,,,,
24400,78.2,0.000009,,,,,,,,
24500,78.5,0.000009,,,,,,,,
24600,78.8,0.000009,,,,,,,,
24700,79.1,0.000006,,,,,,,,
24800,79.5,0.000006,,,,,,,,
24900,79.8,0.000007,,,,,,,,
25000,81.2,0.000007,0.000008,1.691793e-01,1.358582e-02,1.036333e-02,0.000000,1.290051e-01,1.372951e-02,1.061089e-02
25100,81.4,0.000007,,,,,,,,
25200,81.7,0.000005,,,,,,,,
25300,81.9,0.000007,,,,,,,,
25400,82.2,0.000008,,,,,,,,
25500,82.5,0.000008,,,,,,,,
25600,82.8,0.000010,,,,,,,,
25700,83.1,0.000008,,,,,,,,
25800,83.4,0.000023,,,,,,,,
25900,83.8,0.000010,,,,,,,,
26000,84.1,0.000008,,,,,,,,
26100,84.4,0.000012,,,,,,,,
26200,84.7,0.000007,,,,,,,,
26300,85.0,0.000005,,,,,,,,
26400,85.3,0.000008,,,,,,,,
26500,85.6,0.000004,,,,,,,,
26600,85.9,0.000005,,,,,,,,
26700,86.2,0.000006,,,,,,,,
26800,86.5,0.000011,,,,,,,,
26900,86.8,0.000009,,,,,,,,
27000,87.1,0.000015,,,,,,,,
27100,87.4,0.000010,,,,,,,,
27200,87.7,0.000004,,,,,,,,
27300,88.0,0.000008,,,,,,,,
27400,88.3,0.000012,,,,,,,,
27500,88.6,0.000004,,,,,,,,
27600,88.9,0.000008,,,,,,,,
27700,89.2,0.000007,,,,,,,,
27800,89.5,0.000008,,,,,,,,
27900,89.8,0.000009,,,,,,,,
28000,90.1,0.000005,,,,,,,,
28100,90.4,0.000005,,,,,,,,
28200,90.7,0.000015,,,,,,,,
28300,91.0,0.000009,,,,,,,,
28400,91.3,0.000011,,,,,,,,
28500,91.6,0.000006,,,,,,,,
28600,91.9,0.000009,,,,,,,,
28700,92.2,0.000010,,,,,,,,
28800,92.5,0.000007,,,,,,,,
28900,92.8,0.000003,,,,,,,,
29000,93.1,0.000005,,,,,,,,
29100,93.4,0.000005,,,,,,,,
29200,93.7,0.000011,,,,,,,,
29300,94.0,0.000009,,,,,,,,
29400,94.3,0.000006,,,,,,,,
29500,94.6,0.000014,,,,,,,,
29600,94.9,0.000009,,,,,,,,
29700,95.2,0.000007,,,,,,,,
29800,95.5,0.000009,,,,,,,,
29900,95.8,0.000007,,,,,,,,
30000,97.2,0.000005,0.000010,2.013583e-01,1.559685e-02,1.372474e-02,0.000000,1.210848e-01,1.547991e-02,1.382922e-02
30100,97.4,0.000013,,,,,,,,
30200,97.7,0.000005,,,,,,,,
30300,98.0,0.000006,,,,,,,,
30400,98.3,0.000010,,,,,,,,
30500,98.6,0.000005,,,,,,,,
30600,98.9,0.000007,,,,,,,,
30700,99.2,0.000005,,,,,,,,
30800,99.6,0.000005,,,,,,,,
30900,99.9,0.000005,,,,,,,,
31000,100.2,0.000004,,,,,,,,
31100,100.5,0.000008,,,,,,,,
31200,100.8,0.000009,,,,,,,,
31300,101.1,0.000004,,,,,,,,
31400,101.4,0.000004,,,,,,,,
31500,101.7,0.000014,,,,,,,,
31600,102.0,0.000007,,,,,,,,
31700,102.3,0.000011,,,,,,,,
31800,102.6,0.000007,,,,,,,,
31900,102.9,0.000006,,,,,,,,
32000,103.2,0.000009,,,,,,,,
32100,103.5,0.000006,,,,,,,,
32200,103.8,0.000006,,,,,,,,
32300,104.1,0.000011,,,,,,,,
32400,104.4,0.000004,,,,,,,,
32500,104.7,0.000008,,,,,,,,
32600,105.0,0.000006,,,,,,,,
32700,105.3,0.000020,,,,,,,,
32800,105.6,0.000004,,,,,,,,
32900,105.9,0.000004,,,,,,,,
33000,106.2,0.000010,,,,,,,,
33100,106.5,0.000008,,,,,,,,
33200,106.8,0.000006,,,,,,,,
33300,107.1,0.000006,,,,,,,,
33400,107.4,0.000003,,,,,,,,
33500,107.7,0.000006,,,,,,,,
33600,108.0,0.000004,,,,,,,,
33700,108.3,0.000009,,,,,,,,
33800,108.6,0.000006,,,,,,,,
33900,108.9,0.000007,,,,,,,,
34000,109.2,0.000008,,,,,,,,
34100,109.5,0.000011,,,,,,,,
34200,109.8,0.000006,,,,,,,,
34300,110.2,0.000006,,,,,,,,
34400,110.5,0.000014,,,,,,,,
34500,110.7,0.000004,,,,,,,,
34600,111.0,0.000005,,,,,,,,
34700,111.3,0.000004,,,,,,,,
34800,111.6,0.000005,,,,,,,,
34900,111.9,0.000007,,,,,,,,
35000,113.3,0.000009,0.000004,1.882712e-01,9.469164e-03,7.207319e-03,0.000000,1.366279e-01,9.326396e-03,7.242362e-03
35100,113.6,0.000005,,,,,,,,
35200,113.9,0.000005,,,,,,,,
35300,114.2,0.000007,,,,,,,,
35400,114.5,0.000005,,,,,,,,
35500,114.8,0.000011,,,,,,,,
35600,115.1,0.000004,,,,,,,,
35700,115.4,0.000004,,,,,,,,
35800,115.7,0.000003,,,,,,,,
35900,116.0,0.000005,,,,,,,,
36000,116.3,0.000003,,,,,,,,
36100,116.6,0.000004,,,,,,,,
36200,116.9,0.000006,,,,,,,,
36300,117.2,0.000008,,,,,,,,
36400,117.5,0.000006,,,,,,,,
36500,117.8,0.000006,,,,,,,,
36600,118.1,0.000004,,,,,,,,
36700,118.4,0.000004,,,,,,,,
36800,118.7,0.000005,,,,,,,,
36900,119.0,0.000006,,,,,,,,
37000,119.3,0.000004,,,,,,,,
37100,119.6,0.000008,,,,,,,,
37200,119.9,0.000003,,,,,,,,
37300,120.2,0.000008,,,,,,,,
37400,120.5,0.000003,,,,,,,,
37500,120.8,0.000011,,,,,,,,
37600,121.1,0.000007,,,,,,,,
37700,121.4,0.000003,,,,,,,,
37800,121.7,0.000016,,,,,,,,
37900,122.0,0.000011,,,,,,,,
38000,122.3,0.000015,,,,,,,,
38100,122.6,0.000008,,,,,,,,
38200,122.9,0.000006,,,,,,,,
38300,123.2,0.000006,,,,,,,,
38400,123.5,0.000016,,,,,,,,
38500,123.8,0.000003,,,,,,,,
38600,124.1,0.000004,,,,,,,,
38700,124.4,0.000007,,,,,,,,
38800,124.7,0.000004,,,,,,,,
38900,125.0,0.000005,,,,,,,,
39000,125.3,0.000004,,,,,,,,
39100,125.6,0.000007,,,,,,,,
39200,125.9,0.000006,,,,,,,,
39300,126.2,0.000004,,,,,,,,
39400,126.5,0.000004,,,,,,,,
39500,126.8,0.000003,,,,,,,,
39600,127.1,0.000005,,,,,,,,
39700,127.4,0.000004,,,,,,,,
39800,127.7,0.000004,,,,,,,,
39900,128.0,0.000012,,,,,,,,
40000,129.4,0.000004,0.000004,1.747716e-01,9.286749e-03,7.006314e-03,0.000000,1.280541e-01,9.098298e-03,6.985234e-03
40100,129.7,0.000009,,,,,,,,
40200,130.0,0.000004,,,,,,,,
40300,130.3,0.000005,,,,,,,,
40400,130.6,0.000011,,,,,,,,
40500,130.9,0.000006,,,,,,,,
40600,131.2,0.000006,,,,,,,,
40700,131.5,0.000003,,,,,,,,
40800,131.8,0.000005,,,,,,,,
40900,132.1,0.000004,,,,,,,,
41000,132.4,0.000006,,,,,,,,
41100,132.7,0.000010,,,,,,,,
41200,133.0,0.000012,,,,,,,,
41300,133.3,0.000003,,,,,,,,
41400,133.6,0.000006,,,,,,,,
41500,133.9,0.000002,,,,,,,,
41600,134.2,0.000008,,,,,,,,
41700,134.5,0.000010,,,,,,,,
41800,134.8,0.000004,,,,,,,,
41900,135.1,0.000002,,,,,,,,
42000,135.4,0.000002,,,,,,,,
42100,135.7,0.000004,,,,,,,,
42200,136.0,0.000006,,,,,,,,
42300,136.3,0.000004,,,,,,,,
42400,136.6,0.000005,,,,,,,,
42500,136.9,0.000008,,,,,,,,
42600,137.2,0.000005,,,,,,,,
42700,137.5,0.000004,,,,,,,,
42800,137.9,0.000006,,,,,,,,
42900,138.2,0.000008,,,,,,,,
43000,138.5,0.000009,,,,,,,,
43100,138.8,0.000005,,,,,,,,
43200,139.1,0.000007,,,,,,,,
43300,139.3,0.000004,,,,,,,,
43400,139.6,0.000004,,,,,,,,
43500,139.9,0.000006,,,,,,,,
43600,140.3,0.000013,,,,,,,,
43700,140.5,0.000004,,,,,,,,
43800,140.8,0.000006,,,,,,,,
43900,141.1,0.000004,,,,,,,,
44000,141.4,0.000003,,,,,,,,
44100,141.7,0.000003,,,,,,,,
44200,142.0,0.000003,,,,,,,,
44300,142.3,0.000004,,,,,,,,
44400,142.6,0.000004,,,,,,,,
44500,143.0,0.000003,,,,,,,,
44600,143.3,0.000003,,,,,,,,
44700,143.6,0.000005,,,,,,,,
44800,143.9,0.000003,,,,,,,,
44900,144.2,0.000005,,,,,,,,
45000,145.6,0.000002,0.000004,1.541025e-01,9.390483e-03,7.144524e-03,0.000000,9.551187e-02,9.190595e-03,7.050645e-03
45100,145.8,0.000004,,,,,,,,
45200,146.1,0.000003,,,,,,,,
45300,146.4,0.000006,,,,,,,,
45400,146.7,0.000003,,,,,,,,
45500,147.0,0.000008,,,,,,,,
45600,147.3,0.000004,,,,,,,,
45700,147.6,0.000006,,,,,,,,
45800,147.9,0.000004,,,,,,,,
45900,148.2,0.000003,,,,,,,,
46000,148.5,0.000004,,,,,,,,
46100,148.8,0.000003,,,,,,,,
46200,149.1,0.000004,,,,,,,,
46300,149.4,0.000008,,,,,,,,
46400,149.7,0.000004,,,,,,,,
46500,150.0,0.000003,,,,,,,,
46600,150.3,0.000005,,,,,,,,
46700,150.6,0.000003,,,,,,,,
46800,150.9,0.000005,,,,,,,,
46900,151.2,0.000005,,,,,,,,
47000,151.5,0.000003,,,,,,,,
47100,151.8,0.000004,,,,,,,,
47200,152.1,0.000002,,,,,,,,
47300,152.4,0.000005,,,,,,,,
47400,152.7,0.000008,,,,,,,,
47500,153.0,0.000003,,,,,,,,
47600,153.3,0.000006,,,,,,,,
47700,153.6,0.000006,,,,,,,,
47800,153.9,0.000007,,,,,,,,
47900,154.2,0.000004,,,,,,,,
48000,154.5,0.000004,,,,,,,,
48100,154.8,0.000003,,,,,,,,
48200,155.1,0.000004,,,,,,,,
48300,155.4,0.000007,,,,,,,,
48400,155.7,0.000004,,,,,,,,
48500,156.0,0.000003,,,,,,,,
48600,156.3,0.000003,,,,,,,,
48700,156.6,0.000005,,,,,,,,
48800,157.0,0.000006,,,,,,,,
48900,157.3,0.000004,,,,,,,,
49000,157.6,0.000005,,,,,,,,
49100,157.9,0.000003,,,,,,,,
49200,158.2,0.000003,,,,,,,,
49300,158.5,0.000003,,,,,,,,
49400,158.8,0.000007,,,,,,,,
49500,159.1,0.000004,,,,,,,,
49600,159.4,0.000005,,,,,,,,
49700,159.7,0.000002,,,,,,,,
49800,160.0,0.000003,,,,,,,,
49900,160.3,0.000002,,,,,,,,
50000,161.7,0.000002,0.000004,2.113299e-01,9.661343e-03,8.098496e-03,0.000000,1.271823e-01,9.491747e-03,8.166451e-03
50100,161.9,0.000004,,,,,,,,
50200,162.2,0.000007,,,,,,,,
50300,162.5,0.000002,,,,,,,,
50400,162.8,0.000010,,,,,,,,
50500,163.1,0.000006,,,,,,,,
50600,163.4,0.000004,,,,,,,,
50700,163.8,0.000003,,,,,,,,
50800,164.1,0.000002,,,,,,,,
50900,164.4,0.000003,,,,,,,,
51000,164.7,0.000003,,,,,,,,
51100,165.0,0.000006,,,,,,,,
51200,165.3,0.000005,,,,,,,,
51300,165.6,0.000003,,,,,,,,
51400,165.9,0.000005,,,,,,,,
51500,166.2,0.000006,,,,,,,,
51600,166.5,0.000004,,,,,,,,
51700,166.8,0.000004,,,,,,,,
51800,167.1,0.000004,,,,,,,,
51900,167.4,0.000008,,,,,,,,
52000,167.7,0.000002,,,,,,,,
52100,168.0,0.000002,,,,,,,,
52200,168.3,0.000003,,,,,,,,
52300,168.6,0.000004,,,,,,,,
52400,168.9,0.000004,,,,,,,,
52500,169.2,0.000004,,,,,,,,
52600,169.5,0.000002,,,,,,,,
52700,169.8,0.000003,,,,,,,,
52800,170.1,0.000002,,,,,,,,
52900,170.4,0.000003,,,,,,,,
53000,170.7,0.000005,,,,,,,,
53100,171.0,0.000003,,,,,,,,
53200,171.3,0.000004,,,,,,,,
53300,171.6,0.000003,,,,,,,,
53400,171.9,0.000006,,,,,,,,
53500,172.2,0.000006,,,,,,,,
53600,172.5,0.000004,,,,,,,,
53700,172.8,0.000005,,,,,,,,
53800,173.1,0.000004,,,,,,,,
53900,173.4,0.000003,,,,,,,,
54000,173.7,0.000003,,,,,,,,
54100,174.0,0.000005,,,,,,,,
54200,174.3,0.000003,,,,,,,,
54300,174.6,0.000007,,,,,,,,
54400,174.9,0.000004,,,,,,,,
54500,175.2,0.000002,,,,,,,,
54600,175.5,0.000008,,,,,,,,
54700,175.8,0.000003,,,,,,,,
54800,176.1,0.000005,,,,,,,,
54900,176.4,0.000004,,,,,,,,
55000,177.9,0.000003,0.000002,2.000770e-01,6.712832e-03,5.188244e-03,0.000000,1.366405e-01,6.281004e-03,5.064625e-03
55100,178.1,0.000002,,,,,,,,
55200,178.4,0.000006,,,,,,,,
55300,178.7,0.000005,,,,,,,,
55400,179.0,0.000004,,,,,,,,
55500,179.3,0.000003,,,,,,,,
55600,179.6,0.000002,,,,,,,,
55700,179.9,0.000006,,,,,,,,
55800,180.2,0.000003,,,,,,,,
55900,180.5,0.000004,,,,,,,,
56000,180.8,0.000002,,,,,,,,
56100,181.1,0.000007,,,,,,,,
56200,181.4,0.000003,,,,,,,,
56300,181.7,0.000010,,,,,,,,
56400,182.0,0.000002,,,,,,,,
56500,182.3,0.000006,,,,,,,,
56600,182.7,0.000005,,,,,,,,
56700,183.0,0.000006,,,,,,,,
56800,183.3,0.000004,,,,,,,,
56900,183.6,0.000007,,,,,,,,
57000,183.9,0.000004,,,,,,,,
57100,184.2,0.000002,,,,,,,,
57200,184.5,0.000002,,,,,,,,
57300,184.8,0.000002,,,,,,,,
57400,185.1,0.000003,,,,,,,,
57500,185.4,0.000004,,,,,,,,
57600,185.7,0.000002,,,,,,,,
57700,186.0,0.000004,,,,,,,,
57800,186.3,0.000003,,,,,,,,
57900,186.6,0.000004,,,,,,,,
58000,186.9,0.000002,,,,,,,,
58100,187.2,0.000003,,,,,,,,
58200,187.5,0.000009,,,,,,,,
58300,187.8,0.000003,,,,,,,,
58400,188.1,0.000004,,,,,,,,
58500,188.5,0.000004,,,,,,,,
58600,188.8,0.000002,,,,,,,,
58700,189.0,0.000003,,,,,,,,
58800,189.3,0.000008,,,,,,,,
58900,189.6,0.000002,,,,,,,,
59000,189.9,0.000003,,,,,,,,
59100,190.2,0.000007,,,,,,,,
59200,190.5,0.000003,,,,,,,,
59300,190.8,0.000008,,,,,,,,
59400,191.1,0.000002,,,,,,,,
59500,191.5,0.000005,,,,,,,,
59600,191.8,0.000004,,,,,,,,
59700,192.1,0.000002,,,,,,,,
59800,192.4,0.000004,,,,,,,,
59900,192.7,0.000003,,,,,,,,
60000,194.1,0.000002,0.000003,1.750102e-01,7.464740e-03,5.622296e-03,0.000000,1.129784e-01,7.427589e-03,5.736680e-03
60100,194.3,0.000004,,,,,,,,
60200,194.6,0.000002,,,,,,,,
60300,194.9,0.000008,,,,,,,,
60400,195.2,0.000004,,,,,,,,
60500,195.5,0.000004,,,,,,,,
60600,195.8,0.000004,,,,,,,,
60700,196.1,0.000007,,,,,,,,
60800,196.4,0.000003,,,,,,,,
60900,196.7,0.000004,,,,,,,,
61000,197.0,0.000004,,,,,,,,
61100,197.3,0.000005,,,,,,,,
61200,197.6,0.000003,,,,,,,,
61300,197.9,0.000005,,,,,,,,
61400,198.1,0.000003,,,,,,,,
61500,198.4,0.000007,,,,,,,,
61600,198.7,0.000003,,,,,,,,
61700,199.0,0.000007,,,,,,,,
61800,199.3,0.000003,,,,,,,,
61900,199.6,0.000003,,,,,,,,
62000,199.9,0.000003,,,,,,,,
62100,200.2,0.000004,,,,,,,,
62200,200.5,0.000003,,,,,,,,
62300,200.8,0.000003,,,,,,,,
62400,201.1,0.000005,,,,,,,,
62500,201.4,0.000005,,,,,,,,
62600,201.7,0.000002,,,,,,,,
62700,202.0,0.000001,,,,,,,,
62800,202.3,0.000003,,,,,,,,
62900,202.6,0.000002,,,,,,,,
63000,202.9,0.000002,,,,,,,,
63100,203.2,0.000003,,,,,,,,
63200,203.5,0.000003,,,,,,,,
63300,203.8,0.000004,,,,,,,,
63400,204.1,0.000003,,,,,,,,
63500,204.4,0.000005,,,,,,,,
63600,204.7,0.000006,,,,,,,,
63700,205.0,0.000002,,,,,,,,
63800,205.2,0.000004,,,,,,,,
63900,205.5,0.000004,,,,,,,,
64000,205.8,0.000006,,,,,,,,
64100,206.1,0.000004,,,,,,,,
64200,206.4,0.000004,,,,,,,,
64300,206.7,0.000002,,,,,,,,
64400,207.0,0.000006,,,,,,,,
64500,207.3,0.000005,,,,,,,,
64600,207.6,0.000003,,,,,,,,
64700,207.9,0.000006,,,,,,,,
64800,208.2,0.000004,,,,,,,,
64900,208.5,0.000003,,,,,,,,
65000,209.9,0.000003,0.000003,1.995012e-01,7.495826e-03,6.041968e-03,0.000000,1.348856e-01,7.036342e-03,5.768070e-03
65100,210.1,0.000002,,,,,,,,
65200,210.4,0.000006,,,,,,,,
65300,210.6,0.000003,,,,,,,,
65400,210.9,0.000004,,,,,,,,
65500,211.2,0.000003,,,,,,,,
65600,211.5,0.000002,,,,,,,,
65700,211.8,0.000005,,,,,,,,
65800,212.1,0.000005,,,,,,,,
65900,212.4,0.000002,,,,,,,,
66000,212.7,0.000003,,,,,,,,
66100,213.1,0.000004,,,,,,,,
66200,213.4,0.000003,,,,,,,,
66300,213.7,0.000002,,,,,,,,
66400,214.0,0.000003,,,,,,,,
66500,214.3,0.000003,,,,,,,,
66600,214.6,0.000003,,,,,,,,
66700,214.9,0.000003,,,,,,,,
66800,215.2,0.000003,,,,,,,,
66900,215.5,0.000006,,,,,,,,
67000,215.8,0.000003,,,,,,,,
67100,216.1,0.000003,,,,,,,,
67200,216.4,0.000003,,,,,,,,
67300,216.7,0.000002,,,,,,,,
67400,217.0,0.000002,,,,,,,,
67500,217.3,0.000005,,,,,,,,
67600,217.6,0.000002,,,,,,,,
67700,217.9,0.000002,,,,,,,,
67800,218.2,0.000002,,,,,,,,
67900,218.5,0.000001,,,,,,,,
68000,218.8,0.000004,,,,,,,,
68100,219.1,0.000005,,,,,,,,
68200,219.4,0.000006,,,,,,,,
68300,219.7,0.000004,,,,,,,,
68400,220.0,0.000003,,,,,,,,
68500,220.3,0.000002,,,,,,,,
68600,220.6,0.000003,,,,,,,,
68700,220.9,0.000003,,,,,,,,
68800,221.2,0.000003,,,,,,,,
68900,221.5,0.000002,,,,,,,,
69000,221.8,0.000004,,,,,,,,
69100,222.1,0.000003,,,,,,,,
69200,222.4,0.000002,,,,,,,,
69300,222.7,0.000003,,,,,,,,
69400,223.0,0.000002,,,,,,,,
69500,223.3,0.000001,,,,,,,,
69600,223.6,0.000002,,,,,,,,
69700,223.9,0.000003,,,,,,,,
69800,224.2,0.000003,,,,,,,,
69900,224.5,0.000002,,,,,,,,
70000,225.9,0.000006,0.000003,1.350647e-01,8.650768e-03,7.624354e-03,0.000000,1.287187e-01,8.624703e-03,7.690445e-03
70100,226.2,0.000002,,,,,,,,
70200,226.5,0.000002,,,,,,,,
70300,226.8,0.000003,,,,,,,,
70400,227.1,0.000004,,,,,,,,
70500,227.4,0.000007,,,,,,,,
70600,227.7,0.000003,,,,,,,,
70700,228.0,0.000002,,,,,,,,
70800,228.3,0.000003,,,,,,,,
70900,228.6,0.000001,,,,,,,,
71000,228.9,0.000004,,,,,,,,
71100,229.2,0.000002,,,,,,,,
71200,229.5,0.000003,,,,,,,,
71300,229.8,0.000002,,,,,,,,
71400,230.1,0.000004,,,,,,,,
71500,230.4,0.000001,,,,,,,,
71600,230.7,0.000002,,,,,,,,
71700,231.0,0.000006,,,,,,,,
71800,231.3,0.000002,,,,,,,,
71900,231.6,0.000010,,,,,,,,
72000,231.9,0.000002,,,,,,,,
72100,232.2,0.000004,,,,,,,,
72200,232.5,0.000002,,,,,,,,
72300,232.8,0.000002,,,,,,,,
72400,233.1,0.000003,,,,,,,,
72500,233.4,0.000002,,,,,,,,
72600,233.7,0.000004,,,,,,,,
72700,234.0,0.000002,,,,,,,,
72800,234.3,0.000003,,,,,,,,
72900,234.6,0.000002,,,,,,,,
73000,234.9,0.000003,,,,,,,,
73100,235.2,0.000004,,,,,,,,
73200,235.5,0.000002,,,,,,,,
73300,235.8,0.000003,,,,,,,,
73400,236.1,0.000002,,,,,,,,
73500,236.4,0.000003,,,,,,,,
73600,236.7,0.000002,,,,,,,,
73700,237.0,0.000004,,,,,,,,
73800,237.3,0.000011,,,,,,,,
73900,237.6,0.000003,,,,,,,,
74000,237.9,0.000003,,,,,,,,
74100,238.2,0.000003,,,,,,,,
74200,238.5,0.000004,,,,,,,,
74300,238.8,0.000003,,,,,,,,
74400,239.1,0.000002,,,,,,,,
74500,239.4,0.000002,,,,,,,,
74600,239.7,0.000002,,,,,,,,
74700,240.0,0.000002,,,,,,,,
74800,240.4,0.000003,,,,,,,,
74900,240.7,0.000003,,,,,,,,
75000,242.1,0.000004,0.000003,2.244741e-01,6.747583e-03,4.948253e-03,0.000000,1.575121e-01,6.442368e-03,4.927010e-03
75100,242.3,0.000002,,,,,,,,
75200,242.6,0.000007,,,,,,,,
75300,242.9,0.000002,,,,,,,,
75400,243.2,0.000002,,,,,,,,
75500,243.5,0.000003,,,,,,,,
75600,243.8,0.000017,,,,,,,,
75700,244.1,0.000011,,,,,,,,
75800,244.4,0.000003,,,,,,,,
75900,244.7,0.000008,,,,,,,,
76000,245.0,0.000002,,,,,,,,
76100,245.3,0.000003,,,,,,,,
76200,245.6,0.000002,,,,,,,,
76300,245.9,0.000003,,,,,,,,
76400,246.2,0.000003,,,,,,,,
76500,246.5,0.000003,,,,,,,,
76600,246.8,0.000005,,,,,,,,
76700,247.1,0.000002,,,,,,,,
76800,247.4,0.000005,,,,,,,,
76900,247.7,0.000003,,,,,,,,
77000,248.0,0.000002,,,,,,,,
77100,248.3,0.000002,,,,,,,,
77200,248.6,0.000002,,,,,,,,
77300,248.9,0.000008,,,,,,,,
77400,249.2,0.000004,,,,,,,,
77500,249.6,0.000003,,,,,,,,
77600,249.8,0.000002,,,,,,,,
77700,250.1,0.000003,,,,,,,,
77800,250.4,0.000002,,,,,,,,
77900,250.7,0.000002,,,,,,,,
78000,251.0,0.000002,,,,,,,,
78100,251.3,0.000003,,,,,,,,
78200,251.6,0.000002,,,,,,,,
78300,251.9,0.000001,,,,,,,,
78400,252.2,0.000005,,,,,,,,
78500,252.5,0.000002,,,,,,,,
78600,252.8,0.000005,,,,,,,,
78700,253.1,0.000003,,,,,,,,
78800,253.5,0.000003,,,,,,,,
78900,253.8,0.000002,,,,,,,,
79000,254.1,0.000003,,,,,,,,
79100,254.4,0.000002,,,,,,,,
79200,254.7,0.000002,,,,,,,,
79300,255.0,0.000004,,,,,,,,
79400,255.3,0.000006,,,,,,,,
79500,255.6,0.000005,,,,,,,,
79600,255.9,0.000003,,,,,,,,
79700,256.2,0.000003,,,,,,,,
79800,256.5,0.000004,,,,,,,,
79900,256.8,0.000002,,,,,,,,
80000,258.2,0.000005,0.000003,1.388623e-01,9.420366e-03,8.200837e-03,0.000000,7.464798e-02,9.517498e-03,8.367227e-03
80100,258.4,0.000005,,,,,,,,
80200,258.7,0.000004,,,,,,,,
80300,259.0,0.000001,,,,,,,,
80400,259.3,0.000002,,,,,,,,
80500,259.6,0.000006,,,,,,,,
80600,259.9,0.000003,,,,,,,,
80700,260.2,0.000002,,,,,,,,
80800,260.5,0.000005,,,,,,,,
80900,260.8,0.000002,,,,,,,,
81000,261.1,0.000002,,,,,,,,
81100,261.4,0.000003,,,,,,,,
81200,261.8,0.000002,,,,,,,,
81300,262.1,0.000004,,,,,,,,
81400,262.4,0.000002,,,,,,,,
81500,262.7,0.000007,,,,,,,,
81600,263.0,0.000002,,,,,,,,
81700,263.3,0.000002,,,,,,,,
81800,263.6,0.000002,,,,,,,,
81900,263.9,0.000003,,,,,,,,
82000,264.2,0.000002,,,,,,,,
82100,264.5,0.000002,,,,,,,,
82200,264.8,0.000002,,,,,,,,
82300,265.1,0.000003,,,,,,,,
82400,265.4,0.000001,,,,,,,,
82500,265.7,0.000002,,,,,,,,
82600,266.0,0.000003,,,,,,,,
82700,266.3,0.000001,,,,,,,,
82800,266.6,0.000002,,,,,,,,
82900,266.9,0.000002,,,,,,,,
83000,267.2,0.000006,,,,,,,,
83100,267.5,0.000003,,,,,,,,
83200,267.8,0.000001,,,,,,,,
83300,268.1,0.000002,,,,,,,,
83400,268.4,0.000007,,,,,,,,
83500,268.7,0.000001,,,,,,,,
83600,269.0,0.000003,,,,,,,,
83700,269.3,0.000001,,,,,,,,
83800,269.6,0.000002,,,,,,,,
83900,270.0,0.000003,,,,,,,,
84000,270.3,0.000002,,,,,,,,
84100,270.6,0.000002,,,,,,,,
84200,270.9,0.000003,,,,,,,,
84300,271.2,0.000001,,,,,,,,
84400,271.5,0.000002,,,,,,,,
84500,271.8,0.000002,,,,,,,,
84600,272.1,0.000003,,,,,,,,
84700,272.4,0.000003,,,,,,,,
84800,272.7,0.000002,,,,,,,,
84900,273.0,0.000002,,,,,,,,
85000,274.4,0.000004,0.000005,1.359009e-01,1.014524e-02,7.655530e-03,0.000000,1.182858e-01,9.920659e-03,7.487361e-03
85100,274.6,0.000001,,,,,,,,
85200,274.9,0.000003,,,,,,,,
85300,275.2,0.000002,,,,,,,,
85400,275.5,0.000002,,,,,,,,
85500,275.8,0.000004,,,,,,,,
85600,276.1,0.000003,,,,,,,,
85700,276.4,0.000002,,,,,,,,
85800,276.7,0.000001,,,,,,,,
85900,277.0,0.000003,,,,,,,,
86000,277.3,0.000006,,,,,,,,
86100,277.6,0.000001,,,,,,,,
86200,277.9,0.000002,,,,,,,,
86300,278.2,0.000002,,,,,,,,
86400,278.5,0.000004,,,,,,,,
86500,278.8,0.000001,,,,,,,,
86600,279.1,0.000002,,,,,,,,
86700,279.4,0.000003,,,,,,,,
86800,279.7,0.000003,,,,,,,,
86900,280.0,0.000003,,,,,,,,
87000,280.3,0.000004,,,,,,,,
87100,280.6,0.000002,,,,,,,,
87200,280.9,0.000004,,,,,,,,
87300,281.2,0.000006,,,,,,,,
87400,281.6,0.000002,,,,,,,,
87500,281.8,0.000003,,,,,,,,
87600,282.2,0.000002,,,,,,,,
87700,282.4,0.000002,,,,,,,,
87800,282.7,0.000001,,,,,,,,
87900,283.0,0.000002,,,,,,,,
88000,283.3,0.000005,,,,,,,,
88100,283.6,0.000004,,,,,,,,
88200,283.9,0.000002,,,,,,,,
88300,284.2,0.000003,,,,,,,,
88400,284.5,0.000007,,,,,,,,
88500,284.8,0.000002,,,,,,,,
88600,285.1,0.000003,,,,,,,,
88700,285.4,0.000006,,,,,,,,
88800,285.7,0.000002,,,,,,,,
88900,286.0,0.000004,,,,,,,,
89000,286.3,0.000005,,,,,,,,
89100,286.6,0.000002,,,,,,,,
89200,286.9,0.000005,,,,,,,,
89300,287.2,0.000003,,,,,,,,
89400,287.5,0.000002,,,,,,,,
89500,287.8,0.000003,,,,,,,,
89600,288.1,0.000002,,,,,,,,
89700,288.4,0.000004,,,,,,,,
89800,288.7,0.000002,,,,,,,,
89900,289.0,0.000002,,,,,,,,
90000,290.4,0.000001,0.000002,1.342492e-01,5.941563e-03,4.941206e-03,0.000000,8.657331e-02,5.864774e-03,4.924724e-03
90100,290.6,0.000004,,,,,,,,
90200,290.9,0.000002,,,,,,,,
90300,291.2,0.000001,,,,,,,,
90400,291.5,0.000003,,,,,,,,
90500,291.8,0.000001,,,,,,,,
90600,292.1,0.000002,,,,,,,,
90700,292.4,0.000002,,,,,,,,
90800,292.7,0.000004,,,,,,,,
90900,293.0,0.000001,,,,,,,,
91000,293.3,0.000002,,,,,,,,
91100,293.6,0.000002,,,,,,,,
91200,293.9,0.000001,,,,,,,,
91300,294.2,0.000002,,,,,,,,
91400,294.5,0.000002,,,,,,,,
91500,294.8,0.000001,,,,,,,,
91600,295.1,0.000001,,,,,,,,
91700,295.4,0.000005,,,,,,,,
91800,295.7,0.000002,,,,,,,,
91900,296.0,0.000003,,,,,,,,
92000,296.3,0.000002,,,,,,,,
92100,296.6,0.000001,,,,,,,,
92200,296.9,0.000002,,,,,,,,
92300,297.2,0.000003,,,,,,,,
92400,297.5,0.000002,,,,,,,,
92500,297.8,0.000003,,,,,,,,
92600,298.1,0.000001,,,,,,,,
92700,298.5,0.000003,,,,,,,,
92800,298.8,0.000003,,,,,,,,
92900,299.1,0.000002,,,,,,,,
93000,299.4,0.000002,,,,,,,,
93100,299.7,0.000003,,,,,,,,
93200,300.0,0.000002,,,,,,,,
93300,300.3,0.000002,,,,,,,,
93400,300.6,0.000003,,,,,,,,
93500,300.9,0.000002,,,,,,,,
93600,301.2,0.000002,,,,,,,,
93700,301.5,0.000002,,,,,,,,
93800,301.8,0.000002,,,,,,,,
93900,302.1,0.000003,,,,,,,,
94000,302.4,0.000001,,,,,,,,
94100,302.7,0.000001,,,,,,,,
94200,303.0,0.000004,,,,,,,,
94300,303.3,0.000002,,,,,,,,
94400,303.6,0.000002,,,,,,,,
94500,303.9,0.000003,,,,,,,,
94600,304.2,0.000005,,,,,,,,
94700,304.5,0.000003,,,,,,,,
94800,304.8,0.000003,,,,,,,,
94900,305.1,0.000002,,,,,,,,
95000,306.5,0.000004,0.000002,1.832177e-01,7.013649e-03,5.648258e-03,0.000000,7.061958e-02,6.755731e-03,5.541061e-03
95100,306.8,0.000002,,,,,,,,
95200,307.0,0.000002,,,,,,,,
95300,307.3,0.000002,,,,,,,,
95400,307.6,0.000001,,,,,,,,
95500,307.9,0.000003,,,,,,,,
95600,308.2,0.000002,,,,,,,,
95700,308.5,0.000004,,,,,,,,
95800,308.8,0.000001,,,,,,,,
95900,309.1,0.000002,,,,,,,,
96000,309.4,0.000004,,,,,,,,
96100,309.7,0.000002,,,,,,,,
96200,310.0,0.000003,,,,,,,,
96300,310.3,0.000003,,,,,,,,
96400,310.6,0.000002,,,,,,,,
96500,310.9,0.000003,,,,,,,,
96600,311.2,0.000003,,,,,,,,
96700,311.5,0.000004,,,,,,,,
96800,311.8,0.000004,,,,,,,,
96900,312.1,0.000002,,,,,,,,
97000,312.4,0.000003,,,,,,,,
97100,312.7,0.000001,,,,,,,,
97200,313.0,0.000002,,,,,,,,
97300,313.3,0.000004,,,,,,,,
97400,313.6,0.000002,,,,,,,,
97500,313.9,0.000001,,,,,,,,
97600,314.2,0.000002,,,,,,,,
97700,314.5,0.000001,,,,,,,,
97800,314.8,0.000001,,,,,,,,
97900,315.2,0.000001,,,,,,,,
98000,315.5,0.000002,,,,,,,,
98100,315.8,0.000002,,,,,,,,
98200,316.1,0.000003,,,,,,,,
98300,316.4,0.000002,,,,,,,,
98400,316.7,0.000002,,,,,,,,
98500,317.0,0.000002,,,,,,,,
98600,317.3,0.000002,,,,,,,,
98700,317.6,0.000001,,,,,,,,
98800,317.9,0.000003,,,,,,,,
98900,318.2,0.000001,,,,,,,,
99000,318.5,0.000002,,,,,,,,
99100,318.8,0.000002,,,,,,,,
99200,319.1,0.000009,,,,,,,,
99300,319.4,0.000001,,,,,,,,
99400,319.7,0.000002,,,,,,,,
99500,320.0,0.000002,,,,,,,,
99600,320.3,0.000002,,,,,,,,
99700,320.6,0.000002,,,,,,,,
99800,320.9,0.000002,,,,,,,,
99900,321.2,0.000001,,,,,,,,
100000,322.6,0.000002,0.000002,1.562769e-01,6.190759e-03,4.957047e-03,0.000000,1.018552e-01,6.182322e-03,4.996571e-03
100100,322.9,0.000001,,,,,,,,
100200,323.2,0.000001,,,,,,,,
100300,323.5,0.000001,,,,,,,,
100400,323.8,0.000004,,,,,,,,
100500,324.1,0.000001,,,,,,,,
100600,324.4,0.000001,,,,,,,,
100700,324.7,0.000001,,,,,,,,
100800,325.0,0.000001,,,,,,,,
100900,325.3,0.000002,,,,,,,,
101000,325.6,0.000002,,,,,,,,
101100,325.9,0.000002,,,,,,,,
101200,326.2,0.000002,,,,,,,,
101300,326.5,0.000005,,,,,,,,
101400,326.8,0.000002,,,,,,,,
101500,327.1,0.000001,,,,,,,,
101600,327.4,0.000002,,,,,,,,
101700,327.7,0.000003,,,,,,,,
101800,328.0,0.000001,,,,,,,,
101900,328.3,0.000002,,,,,,,,
102000,328.6,0.000002,,,,,,,,
102100,328.9,0.000003,,,,,,,,
102200,329.2,0.000001,,,,,,,,
102300,329.5,0.000001,,,,,,,,
102400,329.8,0.000002,,,,,,,,
102500,330.1,0.000004,,,,,,,,
102600,330.4,0.000001,,,,,,,,
102700,330.7,0.000005,,,,,,,,
102800,331.0,0.000001,,,,,,,,
102900,331.3,0.000003,,,,,,,,
103000,331.6,0.000001,,,,,,,,
103100,331.9,0.000001,,,,,,,,
103200,332.2,0.000002,,,,,,,,
103300,332.5,0.000001,,,,,,,,
103400,332.9,0.000001,,,,,,,,
103500,333.2,0.000002,,,,,,,,
103600,333.5,0.000002,,,,,,,,
103700,333.8,0.000001,,,,,,,,
103800,334.0,0.000002,,,,,,,,
103900,334.3,0.000002,,,,,,,,
104000,334.6,0.000002,,,,,,,,
104100,334.9,0.000002,,,,,,,,
104200,335.2,0.000004,,,,,,,,
104300,335.5,0.000002,,,,,,,,
104400,335.8,0.000001,,,,,,,,
104500,336.1,0.000003,,,,,,,,
104600,336.4,0.000003,,,,,,,,
104700,336.7,0.000002,,,,,,,,
104800,337.0,0.000002,,,,,,,,
104900,337.3,0.000001,,,,,,,,
105000,338.7,0.000002,0.000002,1.586614e-01,7.271033e-03,6.029324e-03,0.000000,1.310738e-01,7.134671e-03,6.021865e-03
105100,339.0,0.000002,,,,,,,,
105200,339.2,0.000003,,,,,,,,
105300,339.5,0.000002,,,,,,,,
105400,339.8,0.000001,,,,,,,,
105500,340.1,0.000001,,,,,,,,
105600,340.4,0.000001,,,,,,,,
105700,340.7,0.000002,,,,,,,,
105800,341.0,0.000001,,,,,,,,
105900,341.3,0.000001,,,,,,,,
106000,341.6,0.000002,,,,,,,,
106100,341.9,0.000001,,,,,,,,
106200,342.2,0.000003,,,,,,,,
106300,342.5,0.000006,,,,,,,,
106400,342.8,0.000001,,,,,,,,
106500,343.1,0.000001,,,,,,,,
106600,343.4,0.000003,,,,,,,,
106700,343.7,0.000003,,,,,,,,
106800,344.0,0.000002,,,,,,,,
106900,344.3,0.000002,,,,,,,,
107000,344.6,0.000001,,,,,,,,
107100,344.9,0.000001,,,,,,,,
107200,345.3,0.000002,,,,,,,,
107300,345.6,0.000002,,,,,,,,
107400,345.9,0.000001,,,,,,,,
107500,346.2,0.000001,,,,,,,,
107600,346.5,0.000001,,,,,,,,
107700,346.8,0.000004,,,,,,,,
107800,347.1,0.000002,,,,,,,,
107900,347.4,0.000002,,,,,,,,
108000,347.7,0.000002,,,,,,,,
108100,348.0,0.000002,,,,,,,,
108200,348.3,0.000002,,,,,,,,
108300,348.6,0.000001,,,,,,,,
108400,348.9,0.000002,,,,,,,,
108500,349.2,0.000003,,,,,,,,
108600,349.5,0.000001,,,,,,,,
108700,349.8,0.000003,,,,,,,,
108800,350.1,0.000002,,,,,,,,
108900,350.4,0.000001,,,,,,,,
109000,350.7,0.000002,,,,,,,,
109100,351.0,0.000003,,,,,,,,
109200,351.3,0.000002,,,,,,,,
109300,351.5,0.000002,,,,,,,,
109400,351.8,0.000002,,,,,,,,
109500,352.1,0.000002,,,,,,,,
109600,352.4,0.000001,,,,,,,,
109700,352.7,0.000002,,,,,,,,
109800,353.0,0.000001,,,,,,,,
109900,353.3,0.000001,,,,,,,,
110000,354.8,0.000002,0.000003,1.228079e-01,8.773343e-03,7.979937e-03,0.000000,9.545525e-02,8.649247e-03,7.907761e-03
110100,355.0,0.000001,,,,,,,,
110200,355.3,0.000002,,,,,,,,
110300,355.6,0.000001,,,,,,,,
110400,355.9,0.000002,,,,,,,,
110500,356.1,0.000001,,,,,,,,
110600,356.5,0.000002,,,,,,,,
110700,356.8,0.000001,,,,,,,,
110800,357.1,0.000001,,,,,,,,
110900,357.4,0.000002,,,,,,,,
111000,357.7,0.000001,,,,,,,,
111100,358.0,0.000003,,,,,,,,
111200,358.3,0.000001,,,,,,,,
111300,358.6,0.000002,,,,,,,,
111400,358.9,0.000001,,,,,,,,
111500,359.2,0.000001,,,,,,,,
111600,359.5,0.000002,,,,,,,,
111700,359.8,0.000001,,,,,,,,
111800,360.1,0.000002,,,,,,,,
111900,360.4,0.000002,,,,,,,,
112000,360.7,0.000001,,,,,,,,
112100,361.0,0.000002,,,,,,,,
112200,361.3,0.000001,,,,,,,,
112300,361.6,0.000001,,,,,,,,
112400,361.9,0.000001,,,,,,,,
112500,362.2,0.000001,,,,,,,,
112600,362.5,0.000003,,,,,,,,
112700,362.8,0.000001,,,,,,,,
112800,363.1,0.000001,,,,,,,,
112900,363.4,0.000002,,,,,,,,
113000,363.7,0.000002,,,,,,,,
113100,364.0,0.000001,,,,,,,,
113200,364.4,0.000002,,,,,,,,
113300,364.7,0.000001,,,,,,,,
113400,365.0,0.000001,,,,,,,,
113500,365.3,0.000002,,,,,,,,
113600,365.5,0.000002,,,,,,,,
113700,365.8,0.000001,,,,,,,,
113800,366.1,0.000001,,,,,,,,
113900,366.4,0.000004,,,,,,,,
114000,366.7,0.000002,,,,,,,,
114100,367.0,0.000004,,,,,,,,
114200,367.4,0.000003,,,,,,,,
114300,367.7,0.000002,,,,,,,,
114400,368.0,0.000001,,,,,,,,
114500,368.3,0.000002,,,,,,,,
114600,368.6,0.000002,,,,,,,,
114700,368.9,0.000002,,,,,,,,
114800,369.2,0.000003,,,,,,,,
114900,369.5,0.000002,,,,,,,,
115000,370.9,0.000002,0.000001,1.090192e-01,5.327674e-03,4.333759e-03,0.000000,8.514675e-02,5.273270e-03,4.334660e-03
115100,371.1,0.000003,,,,,,,,
115200,371.4,0.000003,,,,,,,,
115300,371.7,0.000001,,,,,,,,
115400,372.0,0.000001,,,,,,,,
115500,372.3,0.000003,,,,,,,,
115600,372.6,0.000002,,,,,,,,
115700,372.9,0.000002,,,,,,,,
115800,373.2,0.000002,,,,,,,,
115900,373.5,0.000001,,,,,,,,
116000,373.8,0.000001,,,,,,,,
116100,374.1,0.000001,,,,,,,,
116200,374.4,0.000001,,,,,,,,
116300,374.7,0.000001,,,,,,,,
116400,375.0,0.000002,,,,,,,,
116500,375.3,0.000002,,,,,,,,
116600,375.6,0.000001,,,,,,,,
116700,375.9,0.000001,,,,,,,,
116800,376.2,0.000001,,,,,,,,
116900,376.5,0.000005,,,,,,,,
117000,376.9,0.000001,,,,,,,,
117100,377.1,0.000001,,,,,,,,
117200,377.4,0.000002,,,,,,,,
117300,377.7,0.000002,,,,,,,,
117400,378.0,0.000003,,,,,,,,
117500,378.3,0.000001,,,,,,,,
117600,378.6,0.000001,,,,,,,,
117700,378.9,0.000001,,,,,,,,
117800,379.2,0.000003,,,,,,,,
117900,379.5,0.000001,,,,,,,,
118000,379.8,0.000002,,,,,,,,
118100,380.1,0.000001,,,,,,,,
118200,380.4,0.000001,,,,,,,,
118300,380.7,0.000001,,,,,,,,
118400,381.1,0.000001,,,,,,,,
118500,381.3,0.000001,,,,,,,,
118600,381.6,0.000001,,,,,,,,
118700,382.0,0.000001,,,,,,,,
118800,382.3,0.000001,,,,,,,,
118900,382.6,0.000001,,,,,,,,
119000,382.9,0.000002,,,,,,,,
119100,383.2,0.000001,,,,,,,,
119200,383.4,0.000001,,,,,,,,
119300,383.8,0.000001,,,,,,,,
119400,384.1,0.000002,,,,,,,,
119500,384.4,0.000002,,,,,,,,
119600,384.7,0.000003,,,,,,,,
119700,385.0,0.000002,,,,,,,,
119800,385.3,0.000001,,,,,,,,
119900,385.6,0.000001,,,,,,,,
120000,387.0,0.000001,0.000003,1.816513e-01,8.521389e-03,7.779847e-03,0.000000,1.060768e-01,8.290116e-03,7.656369e-03
120100,387.2,0.000001,,,,,,,,
120200,387.5,0.000002,,,,,,,,
120300,387.8,0.000001,,,,,,,,
120400,388.1,0.000001,,,,,,,,
120500,388.4,0.000002,,,,,,,,
120600,388.8,0.000001,,,,,,,,
120700,389.1,0.000001,,,,,,,,
120800,389.4,0.000001,,,,,,,,
120900,389.7,0.000001,,,,,,,,
121000,390.0,0.000001,,,,,,,,
121100,390.3,0.000002,,,,,,,,
121200,390.6,0.000006,,,,,,,,
121300,390.9,0.000002,,,,,,,,
121400,391.2,0.000001,,,,,,,,
121500,391.5,0.000001,,,,,,,,
121600,391.8,0.000002,,,,,,,,
121700,392.1,0.000001,,,,,,,,
121800,392.4,0.000002,,,,,,,,
121900,392.7,0.000001,,,,,,,,
122000,393.0,0.000002,,,,,,,,
122100,393.3,0.000002,,,,,,,,
122200,393.6,0.000001,,,,,,,,
122300,393.9,0.000003,,,,,,,,
122400,394.2,0.000001,,,,,,,,
122500,394.5,0.000001,,,,,,,,
122600,394.8,0.000006,,,,,,,,
122700,395.1,0.000002,,,,,,,,
122800,395.4,0.000002,,,,,,,,
122900,395.7,0.000002,,,,,,,,
123000,396.0,0.000001,,,,,,,,
123100,396.4,0.000002,,,,,,,,
123200,396.7,0.000002,,,,,,,,
123300,397.0,0.000003,,,,,,,,
123400,397.3,0.000003,,,,,,,,
123500,397.6,0.000002,,,,,,,,
123600,397.9,0.000002,,,,,,,,
123700,398.2,0.000001,,,,,,,,
123800,398.5,0.000001,,,,,,,,
123900,398.8,0.000002,,,,,,,,
124000,399.1,0.000003,,,,,,,,
124100,399.4,0.000002,,,,,,,,
124200,399.6,0.000002,,,,,,,,
124300,399.9,0.000001,,,,,,,,
124400,400.2,0.000001,,,,,,,,
124500,400.6,0.000001,,,,,,,,
124600,400.8,0.000001,,,,,,,,
124700,401.1,0.000001,,,,,,,,
124800,401.4,0.000001,,,,,,,,
124900,401.7,0.000001,,,,,,,,
125000,403.2,0.000001,0.000001,1.414594e-01,4.707931e-03,3.666778e-03,0.000000,9.630580e-02,4.548896e-03,3.639426e-03
125100,403.4,0.000002,,,,,,,,
125200,403.7,0.000001,,,,,,,,
125300,404.0,0.000001,,,,,,,,
125400,404.3,0.000001,,,,,,,,
125500,404.6,0.000003,,,,,,,,
125600,404.9,0.000002,,,,,,,,
125700,405.2,0.000002,,,,,,,,
125800,405.5,0.000001,,,,,,,,
125900,405.8,0.000001,,,,,,,,
126000,406.1,0.000001,,,,,,,,
126100,406.4,0.000003,,,,,,,,
126200,406.7,0.000004,,,,,,,,
126300,407.0,0.000003,,,,,,,,
126400,407.3,0.000002,,,,,,,,
126500,407.6,0.000002,,,,,,,,
126600,407.9,0.000004,,,,,,,,
126700,408.2,0.000001,,,,,,,,
126800,408.5,0.000001,,,,,,,,
126900,408.8,0.000001,,,,,,,,
127000,409.1,0.000001,,,,,,,,
127100,409.4,0.000001,,,,,,,,
127200,409.7,0.000001,,,,,,,,
127300,410.0,0.000001,,,,,,,,
127400,410.3,0.000001,,,,,,,,
127500,410.7,0.000001,,,,,,,,
127600,410.9,0.000001,,,,,,,,
127700,411.3,0.000002,,,,,,,,
127800,411.6,0.000002,,,,,,,,
127900,411.9,0.000001,,,,,,,,
128000,412.2,0.000001,,,,,,,,
128100,412.5,0.000001,,,,,,,,
128200,412.8,0.000003,,,,,,,,
128300,413.1,0.000001,,,,,,,,
128400,413.4,0.000001,,,,,,,,
128500,413.7,0.000001,,,,,,,,
128600,414.0,0.000001,,,,,,,,
128700,414.3,0.000002,,,,,,,,
128800,414.6,0.000001,,,,,,,,
128900,414.9,0.000001,,,,,,,,
129000,415.2,0.000001,,,,,,,,
129100,415.5,0.000001,,,,,,,,
129200,415.8,0.000002,,,,,,,,
129300,416.1,0.000001,,,,,,,,
129400,416.4,0.000003,,,,,,,,
129500,416.7,0.000001,,,,,,,,
129600,417.0,0.000001,,,,,,,,
129700,417.3,0.000001,,,,,,,,
129800,417.6,0.000001,,,,,,,,
129900,417.9,0.000001,,,,,,,,
130000,419.3,0.000002,0.000002,1.411231e-01,6.319347e-03,5.133413e-03,0.000000,7.647581e-02,6.140635e-03,5.058918e-03
130100,419.5,0.000001,,,,,,,,
130200,419.8,0.000001,,,,,,,,
130300,420.1,0.000001,,,,,,,,
130400,420.4,0.000001,,,,,,,,
130500,420.8,0.000001,,,,,,,,
130600,421.1,0.000003,,,,,,,,
130700,421.4,0.000001,,,,,,,,
130800,421.6,0.000001,,,,,,,,
130900,422.0,0.000002,,,,,,,,
131000,422.3,0.000004,,,,,,,,
131100,422.6,0.000001,,,,,,,,
131200,422.9,0.000001,,,,,,,,
131300,423.2,0.000001,,,,,,,,
131400,423.5,0.000002,,,,,,,,
131500,423.8,0.000001,,,,,,,,
131600,424.1,0.000001,,,,,,,,
131700,424.4,0.000001,,,,,,,,
131800,424.7,0.000002,,,,,,,,
131900,425.0,0.000002,,,,,,,,
132000,425.3,0.000001,,,,,,,,
132100,425.6,0.000002,,,,,,,,
132200,425.9,0.000001,,,,,,,,
132300,426.2,0.000001,,,,,,,,
132400,426.4,0.000001,,,,,,,,
132500,426.7,0.000001,,,,,,,,
132600,427.0,0.000001,,,,,,,,
132700,427.4,0.000001,,,,,,,,
132800,427.6,0.000002,,,,,,,,
132900,428.0,0.000001,,,,,,,,
133000,428.3,0.000001,,,,,,,,
133100,428.5,0.000001,,,,,,,,
133200,428.9,0.000002,,,,,,,,
133300,429.2,0.000002,,,,,,,,
133400,429.5,0.000001,,,,,,,,
133500,429.8,0.000001,,,,,,,,
133600,430.1,0.000002,,,,,,,,
133700,430.4,0.000001,,,,,,,,
133800,430.7,0.000001,,,,,,,,
133900,430.9,0.000003,,,,,,,,
134000,431.3,0.000002,,,,,,,,
134100,431.6,0.000001,,,,,,,,
134200,431.9,0.000001,,,,,,,,
134300,432.2,0.000001,,,,,,,,
134400,432.5,0.000002,,,,,,,,
134500,432.8,0.000002,,,,,,,,
134600,433.1,0.000001,,,,,,,,
134700,433.3,0.000001,,,,,,,,
134800,433.7,0.000001,,,,,,,,
134900,434.0,0.000001,,,,,,,,
135000,435.3,0.000001,0.000001,1.137371e-01,4.740078e-03,3.987516e-03,0.000000,5.677791e-02,4.618351e-03,3.932629e-03
135100,435.6,0.000001,,,,,,,,
135200,435.9,0.000001,,,,,,,,
135300,436.2,0.000001,,,,,,,,
135400,436.5,0.000001,,,,,,,,
135500,436.8,0.000002,,,,,,,,
135600,437.1,0.000001,,,,,,,,
135700,437.4,0.000002,,,,,,,,
135800,437.7,0.000001,,,,,,,,
135900,438.0,0.000001,,,,,,,,
136000,438.3,0.000002,,,,,,,,
136100,438.6,0.000001,,,,,,,,
136200,438.9,0.000001,,,,,,,,
136300,439.2,0.000002,,,,,,,,
136400,439.5,0.000002,,,,,,,,
136500,439.8,0.000001,,,,,,,,
136600,440.1,0.000001,,,,,,,,
136700,440.4,0.000001,,,,,,,,
136800,440.7,0.000001,,,,,,,,
136900,441.0,0.000001,,,,,,,,
137000,441.4,0.000002,,,,,,,,
137100,441.7,0.000002,,,,,,,,
137200,442.0,0.000001,,,,,,,,
137300,442.3,0.000001,,,,,,,,
137400,442.6,0.000001,,,,,,,,
137500,442.9,0.000003,,,,,,,,
137600,443.2,0.000001,,,,,,,,
137700,443.5,0.000001,,,,,,,,
137800,443.8,0.000001,,,,,,,,
137900,444.1,0.000001,,,,,,,,
138000,444.4,0.000001,,,,,,,,
138100,444.7,0.000001,,,,,,,,
138200,445.0,0.000001,,,,,,,,
138300,445.3,0.000001,,,,,,,,
138400,445.6,0.000001,,,,,,,,
138500,445.9,0.000001,,,,,,,,
138600,446.2,0.000001,,,,,,,,
138700,446.5,0.000001,,,,,,,,
138800,446.8,0.000001,,,,,,,,
138900,447.1,0.000001,,,,,,,,
139000,447.4,0.000001,,,,,,,,
139100,447.7,0.000001,,,,,,,,
139200,448.0,0.000001,,,,,,,,
139300,448.3,0.000001,,,,,,,,
139400,448.6,0.000001,,,,,,,,
139500,448.9,0.000001,,,,,,,,
139600,449.2,0.000001,,,,,,,,
139700,449.5,0.000002,,,,,,,,
139800,449.8,0.000001,,,,,,,,
139900,450.1,0.000002,,,,,,,,
140000,451.5,0.000001,0.000001,1.085560e-01,4.903829e-03,3.862257e-03,0.000000,7.448562e-02,4.801188e-03,3.811922e-03
140100,451.7,0.000001,,,,,,,,
140200,452.0,0.000001,,,,,,,,
140300,452.3,0.000001,,,,,,,,
140400,452.7,0.000001,,,,,,,,
140500,453.0,0.000001,,,,,,,,
140600,453.3,0.000001,,,,,,,,
140700,453.6,0.000001,,,,,,,,
140800,453.9,0.000002,,,,,,,,
140900,454.2,0.000001,,,,,,,,
141000,454.5,0.000001,,,,,,,,
141100,454.8,0.000001,,,,,,,,
141200,455.1,0.000001,,,,,,,,
141300,455.4,0.000001,,,,,,,,
141400,455.7,0.000001,,,,,,,,
141500,456.0,0.000001,,,,,,,,
141600,456.3,0.000001,,,,,,,,
141700,456.6,0.000001,,,,,,,,
141800,456.9,0.000001,,,,,,,,
141900,457.2,0.000001,,,,,,,,
142000,457.5,0.000001,,,,,,,,
142100,457.8,0.000002,,,,,,,,
142200,458.1,0.000001,,,,,,,,
142300,458.4,0.000002,,,,,,,,
142400,458.7,0.000001,,,,,,,,
142500,459.0,0.000001,,,,,,,,
142600,459.3,0.000001,,,,,,,,
142700,459.6,0.000001,,,,,,,,
142800,459.8,0.000002,,,,,,,,
142900,460.1,0.000001,,,,,,,,
143000,460.4,0.000001,,,,,,,,
143100,460.7,0.000001,,,,,,,,
143200,461.0,0.000001,,,,,,,,
143300,461.3,0.000001,,,,,,,,
143400,461.6,0.000001,,,,,,,,
143500,462.0,0.000001,,,,,,,,
143600,462.3,0.000001,,,,,,,,
143700,462.6,0.000001,,,,,,,,
143800,462.9,0.000001,,,,,,,,
143900,463.2,0.000001,,,,,,,,
144000,463.5,0.000001,,,,,,,,
144100,463.8,0.000001,,,,,,,,
144200,464.1,0.000001,,,,,,,,
144300,464.4,0.000001,,,,,,,,
144400,464.7,0.000001,,,,,,,,
144500,465.0,0.000002,,,,,,,,
144600,465.3,0.000001,,,,,,,,
144700,465.6,0.000001,,,,,,,,
144800,465.9,0.000001,,,,,,,,
144900,466.2,0.000001,,,,,,,,
145000,467.6,0.000001,0.000001,1.364662e-01,3.802265e-03,2.912775e-03,0.000000,7.258172e-02,3.628709e-03,2.819024e-03
145100,467.8,0.000001,,,,,,,,
145200,468.1,0.000002,,,,,,,,
145300,468.4,0.000001,,,,,,,,
145400,468.7,0.000001,,,,,,,,
145500,469.0,0.000001,,,,,,,,
145600,469.3,0.000001,,,,,,,,
145700,469.6,0.000001,,,,,,,,
145800,469.9,0.000001,,,,,,,,
145900,470.3,0.000001,,,,,,,,
146000,470.6,0.000001,,,,,,,,
146100,470.9,0.000001,,,,,,,,
146200,471.2,0.000001,,,,,,,,
146300,471.5,0.000001,,,,,,,,
146400,471.8,0.000001,,,,,,,,
146500,472.1,0.000001,,,,,,,,
146600,472.4,0.000001,,,,,,,,
146700,472.7,0.000005,,,,,,,,
146800,473.0,0.000002,,,,,,,,
146900,473.3,0.000002,,,,,,,,
147000,473.6,0.000001,,,,,,,,
147100,473.9,0.000001,,,,,,,,
147200,474.2,0.000002,,,,,,,,
147300,474.5,0.000001,,,,,,,,
147400,474.8,0.000001,,,,,,,,
147500,475.1,0.000002,,,,,,,,
147600,475.4,0.000001,,,,,,,,
147700,475.7,0.000001,,,,,,,,
147800,476.0,0.000001,,,,,,,,
147900,476.3,0.000001,,,,,,,,
148000,476.6,0.000001,,,,,,,,
148100,476.9,0.000001,,,,,,,,
148200,477.2,0.000001,,,,,,,,
148300,477.5,0.000001,,,,,,,,
148400,477.8,0.000001,,,,,,,,
148500,478.2,0.000001,,,,,,,,
148600,478.5,0.000001,,,,,,,,
148700,478.8,0.000001,,,,,,,,
148800,479.1,0.000001,,,,,,,,
148900,479.4,0.000001,,,,,,,,
149000,479.6,0.000001,,,,,,,,
149100,479.9,0.000001,,,,,,,,
149200,480.2,0.000001,,,,,,,,
149300,480.6,0.000001,,,,,,,,
149400,480.9,0.000001,,,,,,,,
149500,481.2,0.000001,,,,,,,,
149600,481.5,0.000001,,,,,,,,
149700,481.8,0.000001,,,,,,,,
149800,482.1,0.000001,,,,,,,,
149900,482.4,0.000001,,,,,,,,
150000,483.8,0.000001,0.000001,1.191287e-01,4.015499e-03,3.204377e-03,0.000000,6.412025e-02,3.907455e-03,3.165868e-03
150100,484.0,0.000001,,,,,,,,
150200,484.3,0.000000,,,,,,,,
150300,484.6,0.000001,,,,,,,,
150400,484.9,0.000001,,,,,,,,
150500,485.2,0.000001,,,,,,,,
150600,485.5,0.000001,,,,,,,,
150700,485.8,0.000001,,,,,,,,
150800,486.1,0.000001,,,,,,,,
150900,486.3,0.000002,,,,,,,,
151000,486.6,0.000003,,,,,,,,
151100,486.9,0.000001,,,,,,,,
151200,487.3,0.000001,,,,,,,,
151300,487.6,0.000001,,,,,,,,
151400,487.9,0.000002,,,,,,,,
151500,488.2,0.000001,,,,,,,,
151600,488.5,0.000002,,,,,,,,
151700,488.8,0.000001,,,,,,,,
151800,489.1,0.000002,,,,,,,,
151900,489.4,0.000001,,,,,,,,
152000,489.7,0.000001,,,,,,,,
152100,490.0,0.000001,,,,,,,,
152200,490.3,0.000001,,,,,,,,
152300,490.6,0.000001,,,,,,,,
152400,490.9,0.000001,,,,,,,,
152500,491.2,0.000001,,,,,,,,
152600,491.5,0.000001,,,,,,,,
152700,491.8,0.000001,,,,,,,,
152800,492.1,0.000001,,,,,,,,
152900,492.4,0.000001,,,,,,,,
153000,492.7,0.000001,,,,,,,,
153100,493.0,0.000001,,,,,,,,
153200,493.3,0.000001,,,,,,,,
153300,493.6,0.000001,,,,,,,,
153400,493.9,0.000001,,,,,,,,
153500,494.2,0.000002,,,,,,,,
153600,494.5,0.000003,,,,,,,,
153700,494.8,0.000001,,,,,,,,
153800,495.1,0.000001,,,,,,,,
153900,495.4,0.000001,,,,,,,,
154000,495.7,0.000001,,,,,,,,
154100,496.0,0.000001,,,,,,,,
154200,496.3,0.000001,,,,,,,,
154300,496.6,0.000002,,,,,,,,
154400,496.9,0.000001,,,,,,,,
154500,497.3,0.000001,,,,,,,,
154600,497.6,0.000001,,,,,,,,
154700,497.9,0.000001,,,,,,,,
154800,498.2,0.000002,,,,,,,,
154900,498.5,0.000001,,,,,,,,
155000,499.9,0.000001,0.000001,1.044178e-01,3.773803e-03,2.934915e-03,0.000000,7.013936e-02,3.625002e-03,2.869872e-03
155100,500.1,0.000001,,,,,,,,
155200,500.4,0.000001,,,,,,,,
155300,500.7,0.000001,,,,,,,,
155400,501.0,0.000001,,,,,,,,
155500,501.3,0.000001,,,,,,,,
155600,501.6,0.000001,,,,,,,,
155700,501.9,0.000001,,,,,,,,
155800,502.2,0.000001,,,,,,,,
155900,502.5,0.000002,,,,,,,,
156000,502.8,0.000001,,,,,,,,
156100,503.1,0.000001,,,,,,,,
156200,503.4,0.000001,,,,,,,,
156300,503.7,0.000001,,,,,,,,
156400,504.0,0.000001,,,,,,,,
156500,504.3,0.000000,,,,,,,,
156600,504.7,0.000001,,,,,,,,
156700,505.0,0.000001,,,,,,,,
156800,505.3,0.000001,,,,,,,,
156900,505.6,0.000001,,,,,,,,
157000,505.9,0.000001,,,,,,,,
157100,506.2,0.000001,,,,,,,,
157200,506.5,0.000001,,,,,,,,
157300,506.8,0.000001,,,,,,,,
157400,507.1,0.000001,,,,,,,,
157500,507.4,0.000001,,,,,,,,
157600,507.7,0.000001,,,,,,,,
157700,508.0,0.000001,,,,,,,,
157800,508.3,0.000001,,,,,,,,
157900,508.6,0.000001,,,,,,,,
158000,508.9,0.000001,,,,,,,,
158100,509.2,0.000001,,,,,,,,
158200,509.5,0.000001,,,,,,,,
158300,509.8,0.000001,,,,,,,,
158400,510.1,0.000001,,,,,,,,
158500,510.4,0.000001,,,,,,,,
158600,510.7,0.000001,,,,,,,,
158700,511.0,0.000001,,,,,,,,
158800,511.3,0.000001,,,,,,,,
158900,511.6,0.000001,,,,,,,,
159000,511.9,0.000001,,,,,,,,
159100,512.2,0.000000,,,,,,,,
159200,512.5,0.000001,,,,,,,,
159300,512.8,0.000001,,,,,,,,
159400,513.1,0.000001,,,,,,,,
159500,513.4,0.000001,,,,,,,,
159600,513.7,0.000001,,,,,,,,
159700,514.0,0.000001,,,,,,,,
159800,514.3,0.000001,,,,,,,,
159900,514.6,0.000002,,,,,,,,
160000,516.0,0.000001,0.000001,1.179041e-01,3.750772e-03,2.955929e-03,0.000000,6.041988e-02,3.591541e-03,2.881472e-03
160100,516.3,0.000001,,,,,,,,
160200,516.6,0.000001,,,,,,,,
160300,516.9,0.000001,,,,,,,,
160400,517.2,0.000001,,,,,,,,
160500,517.5,0.000001,,,,,,,,
160600,517.8,0.000000,,,,,,,,
160700,518.1,0.000001,,,,,,,,
160800,518.4,0.000001,,,,,,,,
160900,518.7,0.000001,,,,,,,,
161000,519.0,0.000001,,,,,,,,
161100,519.3,0.000001,,,,,,,,
161200,519.6,0.000001,,,,,,,,
161300,519.9,0.000001,,,,,,,,
161400,520.2,0.000001,,,,,,,,
161500,520.5,0.000000,,,,,,,,
161600,520.8,0.000001,,,,,,,,
161700,521.1,0.000001,,,,,,,,
161800,521.4,0.000001,,,,,,,,
161900,521.7,0.000001,,,,,,,,
162000,522.0,0.000001,,,,,,,,
162100,522.3,0.000001,,,,,,,,
162200,522.6,0.000002,,,,,,,,
162300,522.9,0.000001,,,,,,,,
162400,523.2,0.000001,,,,,,,,
162500,523.5,0.000001,,,,,,,,
162600,523.8,0.000001,,,,,,,,
162700,524.1,0.000001,,,,,,,,
162800,524.4,0.000003,,,,,,,,
162900,524.7,0.000001,,,,,,,,
163000,525.0,0.000001,,,,,,,,
163100,525.3,0.000001,,,,,,,,
163200,525.6,0.000001,,,,,,,,
163300,525.9,0.000001,,,,,,,,
163400,526.2,0.000001,,,,,,,,
163500,526.5,0.000001,,,,,,,,
163600,526.8,0.000001,,,,,,,,
163700,527.1,0.000001,,,,,,,,
163800,527.4,0.000001,,,,,,,,
163900,527.7,0.000002,,,,,,,,
164000,528.0,0.000001,,,,,,,,
164100,528.3,0.000001,,,,,,,,
164200,528.6,0.000001,,,,,,,,
164300,528.9,0.000001,,,,,,,,
164400,529.2,0.000001,,,,,,,,
164500,529.5,0.000001,,,,,,,,
164600,529.8,0.000001,,,,,,,,
164700,530.1,0.000001,,,,,,,,
164800,530.4,0.000001,,,,,,,,
164900,530.7,0.000000,,,,,,,,
165000,532.1,0.000004,0.000001,1.587438e-01,5.157818e-03,4.208355e-03,0.000000,7.255562e-02,4.928243e-03,4.111696e-03
165100,532.4,0.000001,,,,,,,,
165200,532.7,0.000001,,,,,,,,
165300,533.0,0.000001,,,,,,,,
165400,533.3,0.000001,,,,,,,,
165500,533.6,0.000001,,,,,,,,
165600,533.9,0.000001,,,,,,,,
165700,534.1,0.000001,,,,,,,,
165800,534.4,0.000001,,,,,,,,
165900,534.7,0.000001,,,,,,,,
166000,535.0,0.000001,,,,,,,,
166100,535.3,0.000001,,,,,,,,
166200,535.6,0.000001,,,,,,,,
166300,535.9,0.000001,,,,,,,,
166400,536.2,0.000001,,,,,,,,
166500,536.5,0.000001,,,,,,,,
166600,536.8,0.000001,,,,,,,,
166700,537.1,0.000002,,,,,,,,
166800,537.4,0.000001,,,,,,,,
166900,537.7,0.000001,,,,,,,,
167000,538.0,0.000001,,,,,,,,
167100,538.3,0.000001,,,,,,,,
167200,538.6,0.000001,,,,,,,,
167300,538.9,0.000001,,,,,,,,
167400,539.2,0.000000,,,,,,,,
167500,539.5,0.000001,,,,,,,,
167600,539.8,0.000001,,,,,,,,
167700,540.1,0.000001,,,,,,,,
167800,540.4,0.000001,,,,,,,,
167900,540.7,0.000001,,,,,,,,
168000,541.0,0.000001,,,,,,,,
168100,541.3,0.000000,,,,,,,,
168200,541.6,0.000001,,,,,,,,
168300,541.9,0.000001,,,,,,,,
168400,542.2,0.000001,,,,,,,,
168500,542.6,0.000001,,,,,,,,
168600,542.9,0.000001,,,,,,,,
168700,543.2,0.000001,,,,,,,,
168800,543.4,0.000001,,,,,,,,
168900,543.7,0.000001,,,,,,,,
169000,544.1,0.000000,,,,,,,,
169100,544.4,0.000001,,,,,,,,
169200,544.7,0.000000,,,,,,,,
169300,545.0,0.000001,,,,,,,,
169400,545.3,0.000001,,,,,,,,
169500,545.6,0.000001,,,,,,,,
169600,545.9,0.000001,,,,,,,,
169700,546.2,0.000001,,,,,,,,
169800,546.5,0.000002,,,,,,,,
169900,546.8,0.000001,,,,,,,,
170000,548.2,0.000001,0.000001,1.105654e-01,3.821795e-03,3.019649e-03,0.000000,6.695994e-02,3.651188e-03,2.944582e-03
170100,548.4,0.000001,,,,,,,,
170200,548.7,0.000001,,,,,,,,
170300,549.0,0.000001,,,,,,,,
170400,549.3,0.000001,,,,,,,,
170500,549.6,0.000001,,,,,,,,
170600,549.9,0.000001,,,,,,,,
170700,550.2,0.000001,,,,,,,,
170800,550.5,0.000000,,,,,,,,
170900,550.8,0.000001,,,,,,,,
171000,551.1,0.000001,,,,,,,,
171100,551.4,0.000000,,,,,,,,
171200,551.7,0.000001,,,,,,,,
171300,552.0,0.000002,,,,,,,,
171400,552.3,0.000001,,,,,,,,
171500,552.6,0.000001,,,,,,,,
171600,553.0,0.000000,,,,,,,,
171700,553.3,0.000001,,,,,,,,
171800,553.6,0.000001,,,,,,,,
171900,553.9,0.000000,,,,,,,,
172000,554.2,0.000000,,,,,,,,
172100,554.5,0.000001,,,,,,,,
172200,554.8,0.000001,,,,,,,,
172300,555.1,0.000000,,,,,,,,
172400,555.3,0.000001,,,,,,,,
172500,555.6,0.000001,,,,,,,,
172600,555.9,0.000000,,,,,,,,
172700,556.2,0.000000,,,,,,,,
172800,556.5,0.000000,,,,,,,,
172900,556.8,0.000001,,,,,,,,
173000,557.1,0.000001,,,,,,,,
173100,557.4,0.000001,,,,,,,,
173200,557.7,0.000001,,,,,,,,
173300,558.0,0.000001,,,,,,,,
173400,558.3,0.000001,,,,,,,,
173500,558.6,0.000000,,,,,,,,
173600,558.9,0.000001,,,,,,,,
173700,559.2,0.000001,,,,,,,,
173800,559.5,0.000001,,,,,,,,
173900,559.8,0.000000,,,,,,,,
174000,560.1,0.000001,,,,,,,,
174100,560.4,0.000001,,,,,,,,
174200,560.6,0.000001,,,,,,,,
174300,560.9,0.000001,,,,,,,,
174400,561.2,0.000000,,,,,,,,
174500,561.5,0.000000,,,,,,,,
174600,561.8,0.000001,,,,,,,,
174700,562.1,0.000001,,,,,,,,
174800,562.4,0.000001,,,,,,,,
174900,562.7,0.000001,,,,,,,,
175000,564.1,0.000001,0.000001,1.386952e-01,3.412872e-03,2.598951e-03,0.000000,5.974611e-02,3.278643e-03,2.549108e-03
175100,564.3,0.000000,,,,,,,,
175200,564.6,0.000001,,,,,,,,
175300,564.9,0.000000,,,,,,,,
175400,565.2,0.000001,,,,,,,,
175500,565.5,0.000001,,,,,,,,
175600,565.8,0.000001,,,,,,,,
175700,566.0,0.000001,,,,,,,,
175800,566.3,0.000001,,,,,,,,
175900,566.6,0.000001,,,,,,,,
176000,566.9,0.000000,,,,,,,,
176100,567.2,0.000001,,,,,,,,
176200,567.5,0.000001,,,,,,,,
176300,567.7,0.000000,,,,,,,,
176400,568.0,0.000001,,,,,,,,
176500,568.3,0.000000,,,,,,,,
176600,568.7,0.000001,,,,,,,,
176700,569.0,0.000001,,,,,,,,
176800,569.3,0.000001,,,,,,,,
176900,569.6,0.000001,,,,,,,,
177000,569.9,0.000001,,,,,,,,
177100,570.2,0.000001,,,,,,,,
177200,570.5,0.000002,,,,,,,,
177300,570.8,0.000001,,,,,,,,
177400,571.1,0.000001,,,,,,,,
177500,571.4,0.000001,,,,,,,,
177600,571.7,0.000000,,,,,,,,
177700,572.0,0.000001,,,,,,,,
177800,572.3,0.000001,,,,,,,,
177900,572.6,0.000000,,,,,,,,
178000,572.9,0.000000,,,,,,,,
178100,573.2,0.000001,,,,,,,,
178200,573.4,0.000000,,,,,,,,
178300,573.8,0.000001,,,,,,,,
178400,574.1,0.000001,,,,,,,,
178500,574.4,0.000001,,,,,,,,
178600,574.7,0.000000,,,,,,,,
178700,575.0,0.000001,,,,,,,,
178800,575.3,0.000000,,,,,,,,
178900,575.6,0.000000,,,,,,,,
179000,575.9,0.000000,,,,,,,,
179100,576.2,0.000001,,,,,,,,
179200,576.5,0.000001,,,,,,,,
179300,576.8,0.000001,,,,,,,,
179400,577.1,0.000001,,,,,,,,
179500,577.4,0.000001,,,,,,,,
179600,577.7,0.000000,,,,,,,,
179700,578.0,0.000001,,,,,,,,
179800,578.3,0.000000,,,,,,,,
179900,578.6,0.000000,,,,,,,,
180000,580.0,0.000001,0.000001,1.019101e-01,3.560124e-03,2.810029e-03,0.000000,6.193371e-02,3.414223e-03,2.752928e-03
180100,580.2,0.000000,,,,,,,,
180200,580.5,0.000001,,,,,,,,
180300,580.8,0.000001,,,,,,,,
180400,581.1,0.000000,,,,,,,,
180500,581.4,0.000001,,,,,,,,
180600,581.7,0.000001,,,,,,,,
180700,582.0,0.000000,,,,,,,,
180800,582.3,0.000000,,,,,,,,
180900,582.6,0.000000,,,,,,,,
181000,582.9,0.000001,,,,,,,,
181100,583.2,0.000000,,,,,,,,
181200,583.5,0.000001,,,,,,,,
181300,583.8,0.000000,,,,,,,,
181400,584.2,0.000001,,,,,,,,
181500,584.5,0.000000,,,,,,,,
181600,584.8,0.000000,,,,,,,,
181700,585.1,0.000001,,,,,,,,
181800,585.4,0.000000,,,,,,,,
181900,585.7,0.000000,,,,,,,,
182000,586.0,0.000000,,,,,,,,
182100,586.3,0.000001,,,,,,,,
182200,586.6,0.000000,,,,,,,,
182300,586.9,0.000000,,,,,,,,
182400,587.2,0.000000,,,,,,,,
182500,587.5,0.000000,,,,,,,,
182600,587.8,0.000000,,,,,,,,
182700,588.1,0.000000,,,,,,,,
182800,588.4,0.000000,,,,,,,,
182900,588.7,0.000000,,,,,,,,
183000,589.0,0.000000,,,,,,,,
183100,589.3,0.000000,,,,,,,,
183200,589.6,0.000000,,,,,,,,
183300,589.9,0.000001,,,,,,,,
183400,590.2,0.000000,,,,,,,,
183500,590.5,0.000000,,,,,,,,
183600,590.8,0.000000,,,,,,,,
183700,591.1,0.000000,,,,,,,,
183800,591.4,0.000000,,,,,,,,
183900,591.7,0.000000,,,,,,,,
184000,592.0,0.000001,,,,,,,,
184100,592.3,0.000001,,,,,,,,
184200,592.6,0.000001,,,,,,,,
184300,592.9,0.000001,,,,,,,,
184400,593.2,0.000000,,,,,,,,
184500,593.5,0.000000,,,,,,,,
184600,593.8,0.000001,,,,,,,,
184700,594.1,0.000000,,,,,,,,
184800,594.4,0.000001,,,,,,,,
184900,594.7,0.000000,,,,,,,,
185000,596.1,0.000000,0.000001,1.145837e-01,3.152783e-03,2.340616e-03,0.000000,5.137714e-02,3.008042e-03,2.276866e-03
185100,596.4,0.000000,,,,,,,,
185200,596.7,0.000000,,,,,,,,
185300,597.0,0.000001,,,,,,,,
185400,597.3,0.000000,,,,,,,,
185500,597.6,0.000000,,,,,,,,
185600,597.9,0.000000,,,,,,,,
185700,598.2,0.000000,,,,,,,,
185800,598.5,0.000000,,,,,,,,
185900,598.8,0.000000,,,,,,,,
186000,599.1,0.000001,,,,,,,,
186100,599.4,0.000001,,,,,,,,
186200,599.7,0.000000,,,,,,,,
186300,600.0,0.000000,,,,,,,,
186400,600.3,0.000000,,,,,,,,
186500,600.6,0.000000,,,,,,,,
186600,600.9,0.000000,,,,,,,,
186700,601.2,0.000000,,,,,,,,
186800,601.5,0.000001,,,,,,,,
186900,601.8,0.000001,,,,,,,,
187000,602.1,0.000000,,,,,,,,
187100,602.4,0.000001,,,,,,,,
187200,602.7,0.000000,,,,,,,,
187300,603.0,0.000000,,,,,,,,
187400,603.3,0.000001,,,,,,,,
187500,603.6,0.000000,,,,,,,,
187600,603.9,0.000002,,,,,,,,
187700,604.2,0.000001,,,,,,,,
187800,604.5,0.000000,,,,,,,,
187900,604.8,0.000001,,,,,,,,
188000,605.1,0.000000,,,,,,,,
188100,605.4,0.000000,,,,,,,,
188200,605.7,0.000000,,,,,,,,
188300,606.0,0.000001,,,,,,,,
188400,606.3,0.000000,,,,,,,,
188500,606.6,0.000001,,,,,,,,
188600,606.9,0.000000,,,,,,,,
188700,607.2,0.000000,,,,,,,,
188800,607.5,0.000000,,,,,,,,
188900,607.8,0.000001,,,,,,,,
189000,608.1,0.000000,,,,,,,,
189100,608.4,0.000001,,,,,,,,
189200,608.7,0.000000,,,,,,,,
189300,609.0,0.000000,,,,,,,,
189400,609.3,0.000000,,,,,,,,
189500,609.6,0.000001,,,,,,,,
189600,609.9,0.000000,,,,,,,,
189700,610.2,0.000001,,,,,,,,
189800,610.5,0.000001,,,,,,,,
189900,610.8,0.000000,,,,,,,,
190000,612.2,0.000000,0.000001,9.575458e-02,3.153842e-03,2.368349e-03,0.000000,5.498667e-02,3.009023e-03,2.302758e-03
190100,612.5,0.000001,,,,,,,,
190200,612.8,0.000001,,,,,,,,
190300,613.1,0.000000,,,,,,,,
190400,613.4,0.000000,,,,,,,,
190500,613.7,0.000001,,,,,,,,
190600,614.0,0.000000,,,,,,,,
190700,614.3,0.000000,,,,,,,,
190800,614.6,0.000001,,,,,,,,
190900,614.9,0.000001,,,,,,,,
191000,615.2,0.000001,,,,,,,,
191100,615.5,0.000001,,,,,,,,
191200,615.8,0.000000,,,,,,,,
191300,616.1,0.000001,,,,,,,,
191400,616.4,0.000000,,,,,,,,
191500,616.7,0.000001,,,,,,,,
191600,617.0,0.000000,,,,,,,,
191700,617.3,0.000001,,,,,,,,
191800,617.6,0.000000,,,,,,,,
191900,617.9,0.000001,,,,,,,,
192000,618.2,0.000000,,,,,,,,
192100,618.5,0.000001,,,,,,,,
192200,618.8,0.000001,,,,,,,,
192300,619.1,0.000001,,,,,,,,
192400,619.4,0.000000,,,,,,,,
192500,619.7,0.000000,,,,,,,,
192600,620.0,0.000000,,,,,,,,
192700,620.3,0.000000,,,,,,,,
192800,620.6,0.000001,,,,,,,,
192900,620.9,0.000000,,,,,,,,
193000,621.2,0.000000,,,,,,,,
193100,621.5,0.000000,,,,,,,,
193200,621.8,0.000000,,,,,,,,
193300,622.1,0.000000,,,,,,,,
193400,622.4,0.000001,,,,,,,,
193500,622.7,0.000001,,,,,,,,
193600,623.0,0.000000,,,,,,,,
193700,623.3,0.000001,,,,,,,,
193800,623.6,0.000001,,,,,,,,
193900,623.9,0.000000,,,,,,,,
194000,624.3,0.000000,,,,,,,,
194100,624.6,0.000000,,,,,,,,
194200,624.9,0.000000,,,,,,,,
194300,625.2,0.000000,,,,,,,,
194400,625.5,0.000000,,,,,,,,
194500,625.8,0.000001,,,,,,,,
194600,626.1,0.000001,,,,,,,,
194700,626.4,0.000000,,,,,,,,
194800,626.7,0.000001,,,,,,,,
194900,627.0,0.000000,,,,,,,,
195000,628.4,0.000001,0.000001,9.570784e-02,3.123254e-03,2.352517e-03,0.000000,5.595369e-02,2.984975e-03,2.295772e-03
195100,628.6,0.000001,,,,,,,,
195200,628.9,0.000001,,,,,,,,
195300,629.2,0.000001,,,,,,,,
195400,629.5,0.000000,,,,,,,,
195500,629.8,0.000000,,,,,,,,
195600,630.1,0.000000,,,,,,,,
195700,630.4,0.000001,,,,,,,,
195800,630.7,0.000000,,,,,,,,
195900,631.0,0.000000,,,,,,,,
196000,631.3,0.000000,,,,,,,,
196100,631.6,0.000000,,,,,,,,
196200,631.9,0.000000,,,,,,,,
196300,632.2,0.000001,,,,,,,,
196400,632.5,0.000000,,,,,,,,
196500,632.8,0.000001,,,,,,,,
196600,633.1,0.000000,,,,,,,,
196700,633.4,0.000000,,,,,,,,
196800,633.7,0.000001,,,,,,,,
196900,634.0,0.000000,,,,,,,,
197000,634.4,0.000001,,,,,,,,
197100,634.7,0.000000,,,,,,,,
197200,635.0,0.000001,,,,,,,,
197300,635.3,0.000000,,,,,,,,
197400,635.6,0.000000,,,,,,,,
197500,635.9,0.000000,,,,,,,,
197600,636.2,0.000001,,,,,,,,
197700,636.5,0.000000,,,,,,,,
197800,636.8,0.000000,,,,,,,,
197900,637.1,0.000001,,,,,,,,
198000,637.4,0.000000,,,,,,,,
198100,637.7,0.000001,,,,,,,,
198200,638.0,0.000000,,,,,,,,
198300,638.3,0.000001,,,,,,,,
198400,638.6,0.000000,,,,,,,,
198500,638.9,0.000000,,,,,,,,
198600,639.2,0.000000,,,,,,,,
198700,639.5,0.000000,,,,,,,,
198800,639.8,0.000000,,,,,,,,
198900,640.1,0.000001,,,,,,,,
199000,640.4,0.000000,,,,,,,,
199100,640.7,0.000000,,,,,,,,
199200,641.0,0.000000,,,,,,,,
199300,641.3,0.000000,,,,,,,,
199400,641.6,0.000000,,,,,,,,
199500,641.9,0.000001,,,,,,,,
199600,642.2,0.000000,,,,,,,,
199700,642.5,0.000001,,,,,,,,
199800,642.8,0.000000,,,,,,,,
199900,643.1,0.000000,,,,,,,,
200000,644.5,0.000000,0.000000,1.029689e-01,3.098517e-03,2.328086e-03,0.000000,5.064197e-02,2.960775e-03,2.266039e-03
