name,geometry_M,geometry_e,geometry_gap,geometry_range_M,geometry_range_e,behavior_M,behavior_e,behavior_gap,attention_M,attention_e,attention_gap,geometry_gap_k3,behavior_gap_k3,attention_gap_k3,geometry_gap_k8,behavior_gap_k8,attention_gap_k8,M_dep,e_dep,ov_top_rho,ov_top_r,ov_top_span,ov_sum_rho,ov_sum_r,ov_sum_span,purity_attn_share,parity_leak_attn,parity_leak_mlp,raw_e_cancellation,decode_cubic_rms,decode_isotonic_rms,decode_full_write_rms
d128_l1_h2_gelu_lin_mse_100k_s0,5,5,0,73.3,129.5,4,3,1,5,5,0,+0,+1,+0,+1,+1,+0,2.0603,0.2089,1.00,0.969,0.201,0.99,0.968,0.186,0.019,0.6,1.4,0.41,0.0077,0.0046,0.0006
d128_l1_h2_gelu_lin_mse_100k_s1,5,4,1,90.9,79.7,4,3,1,5,3,2,+1,+1,+2,+1,+1,+2,2.0603,0.2089,1.00,0.986,0.144,1.00,0.978,0.162,0.192,0.6,0.8,1.32,0.0172,0.0104,0.0009
d128_l1_h2_gelu_lin_mse_100k_s2,5,4,1,82.9,75.0,4,3,1,6,4,2,+1,+1,+1,+1,+1,+1,2.0603,0.2089,0.79,0.857,0.065,0.94,0.933,0.092,0.022,0.7,2.1,0.07,0.0084,0.0007,0.0018
d128_l1_h2_gelu_lin_mse_100k_s3,4,3,1,17.2,17.4,5,4,1,5,4,1,+1,+1,+1,+1,+1,+1,2.0603,0.2089,0.93,0.833,0.114,0.90,0.837,0.129,0.032,0.6,2.1,1.90,0.0076,0.0029,0.0071
d128_l1_h2_gelu_lin_mse_100k_s4,5,4,1,28.8,18.2,4,3,1,5,4,1,+1,+1,+1,+2,+1,+1,2.0603,0.2089,0.60,0.730,0.101,0.73,0.778,0.140,0.026,0.5,1.8,1.71,0.0068,0.0049,0.0042
d128_l1_h2_gelu_lin_mse_200k_s0,6,5,1,174.8,192.1,5,4,1,5,5,0,+1,+1,-1,+1,+1,+0,2.0603,0.2089,1.00,0.978,0.217,1.00,0.964,0.161,0.017,0.7,1.2,0.47,0.0062,0.0048,0.0012
d128_l1_h2_gelu_lin_mse_200k_s1,5,4,1,126.5,128.5,4,3,1,5,3,2,+1,+0,+2,+1,+1,+2,2.0603,0.2089,1.00,0.972,0.103,1.00,0.980,0.110,0.325,0.8,1.0,1.12,0.0123,0.0072,0.0005
d128_l1_h2_gelu_lin_mse_200k_s2,6,5,1,125.9,133.1,4,3,1,6,4,2,+1,+1,+2,+1,+1,+2,2.0603,0.2089,0.76,0.850,0.054,0.96,0.952,0.079,0.019,0.8,2.1,0.21,0.0074,0.0005,0.0004
d128_l1_h2_gelu_lin_mse_200k_s3,4,3,1,33.5,34.6,5,4,1,5,4,1,+1,+1,+1,+1,+1,+1,2.0603,0.2089,0.84,0.771,0.118,0.85,0.788,0.120,0.014,1.0,1.7,1.23,0.0060,0.0018,0.0046
d128_l1_h2_gelu_lin_mse_200k_s4,5,4,1,23.6,17.1,5,4,1,4,3,1,+1,+1,+1,+2,+1,+1,2.0603,0.2089,0.50,0.689,0.085,0.50,0.722,0.111,0.016,0.8,1.5,1.28,0.0061,0.0033,0.0026
d128_l1_h2_gelu_lin_mse_25k_s0,5,4,1,25.4,45.1,4,3,1,5,4,1,+1,+1,+1,+0,+1,+1,2.0603,0.2089,1.00,0.988,0.080,1.00,0.993,0.088,0.180,0.6,2.1,0.68,0.0100,0.0033,0.0004
d128_l1_h2_gelu_lin_mse_25k_s1,4,3,1,27.7,26.7,4,3,1,4,3,1,+1,+1,+1,+1,+1,+1,2.0604,0.2089,1.00,0.995,0.064,1.00,0.991,0.073,0.085,0.3,1.3,1.29,0.0168,0.0093,0.0008
d128_l1_h2_gelu_lin_mse_25k_s2,4,3,1,19.1,18.1,4,3,1,4,4,0,+1,+1,+0,+1,+1,+1,2.0604,0.2089,0.96,0.961,0.047,0.96,0.974,0.056,0.012,0.8,2.1,0.15,0.0073,0.0031,0.0005
d128_l1_h2_gelu_lin_mse_25k_s3,3,2,1,7.1,6.6,4,3,1,4,3,1,+2,+1,+1,+0,+1,+1,2.0603,0.2089,0.98,0.925,0.073,0.98,0.916,0.088,0.043,0.2,2.3,1.16,0.0088,0.0011,0.0048
d128_l1_h2_gelu_lin_mse_25k_s4,4,3,1,19.0,11.7,4,3,1,4,3,1,+2,+1,+1,+1,+1,+1,2.0603,0.2089,0.88,0.855,0.056,0.90,0.865,0.073,0.046,0.3,1.9,1.30,0.0095,0.0068,0.0048
d128_l1_h2_gelu_lin_mse_400k_s0,6,6,0,185.4,314.3,4,4,0,6,5,1,+0,+1,+1,+1,+1,+1,2.0603,0.2089,0.90,0.878,0.054,0.99,0.952,0.060,0.029,0.8,1.4,0.11,0.0052,0.0019,0.0003
d128_l1_h2_gelu_lin_mse_400k_s1,5,5,0,169.1,180.4,4,3,1,5,4,1,+1,+1,+1,+1,+1,+1,2.0603,0.2089,1.00,0.981,0.054,1.00,0.994,0.048,0.255,0.9,0.7,0.65,0.0108,0.0050,0.0004
d128_l1_h2_gelu_lin_mse_400k_s2,6,5,1,200.2,204.8,5,4,1,5,4,1,+1,+1,+1,+1,+1,+1,2.0603,0.2089,0.75,0.810,0.029,0.95,0.953,0.040,0.014,0.8,2.1,0.28,0.0080,0.0006,0.0002
d128_l1_h2_gelu_lin_mse_400k_s3,5,4,1,61.7,57.4,5,4,1,5,4,1,+1,+1,+1,+1,+1,+1,2.0603,0.2089,0.88,0.800,0.069,0.88,0.830,0.069,0.013,1.6,1.8,1.10,0.0059,0.0003,0.0039
d128_l1_h2_gelu_lin_mse_400k_s4,5,4,1,47.4,24.8,5,4,1,5,3,2,+1,+1,+2,+2,+1,+2,2.0603,0.2089,0.45,0.717,0.045,0.55,0.770,0.059,0.016,0.8,1.3,1.39,0.0058,0.0033,0.0016
d128_l1_h2_gelu_lin_mse_50k_s0,5,4,1,92.4,70.6,4,3,1,4,5,-1,+0,+0,+0,+1,+1,+0,2.0603,0.2089,1.00,0.994,0.181,1.00,0.992,0.157,0.034,0.6,1.4,1.16,0.0080,0.0054,0.0007
d128_l1_h2_gelu_lin_mse_50k_s1,5,4,1,53.1,43.6,4,3,1,4,3,1,+1,+1,+1,+2,+1,+1,2.0604,0.2089,1.00,0.992,0.088,1.00,0.984,0.103,0.145,0.5,0.9,1.53,0.0189,0.0113,0.0009
d128_l1_h2_gelu_lin_mse_50k_s2,5,4,1,41.9,46.4,4,3,1,5,4,1,+1,+1,+1,+1,+1,+1,2.0603,0.2089,0.90,0.931,0.058,0.96,0.962,0.075,0.020,0.8,2.2,0.10,0.0075,0.0015,0.0019
d128_l1_h2_gelu_lin_mse_50k_s3,3,2,1,11.2,10.6,4,3,1,5,4,1,+1,+1,+1,+1,+1,+0,2.0603,0.2089,0.98,0.892,0.102,0.98,0.886,0.117,0.034,0.5,2.2,1.32,0.0091,0.0013,0.0068
d128_l1_h2_gelu_lin_mse_50k_s4,4,3,1,11.9,10.2,4,3,1,5,3,2,+2,+1,+2,+2,+1,+2,2.0603,0.2089,0.82,0.814,0.075,0.82,0.833,0.102,0.029,0.5,2.1,1.52,0.0082,0.0057,0.0051
d128_l1_h2_gelu_lin_mse_800k_s0,6,5,1,131.5,182.1,5,4,1,5,5,0,+1,+1,+0,+1,+1,+0,2.0603,0.2089,1.00,0.989,0.050,1.00,0.978,0.037,0.012,0.9,0.7,0.66,0.0044,0.0026,0.0005
d128_l1_h2_gelu_lin_mse_800k_s1,6,4,2,135.5,130.8,5,4,1,5,4,1,+1,+1,+1,+1,+1,+2,2.0603,0.2089,1.00,0.984,0.026,1.00,0.989,0.033,0.146,0.7,0.5,0.48,0.0130,0.0060,0.0003
d128_l1_h2_gelu_lin_mse_800k_s2,6,5,1,320.4,438.6,5,4,1,5,3,2,+1,+1,+2,+1,+0,+2,2.0603,0.2089,0.58,0.790,0.010,0.93,0.908,0.014,0.017,0.9,1.1,0.18,0.0093,0.0005,0.0004
d128_l1_h2_gelu_lin_mse_800k_s3,5,4,1,76.8,117.5,5,4,1,5,4,1,+1,+1,+1,+1,+1,+1,2.0603,0.2089,0.89,0.820,0.019,0.84,0.827,0.019,0.015,1.6,1.0,0.82,0.0056,0.0001,0.0032
d128_l1_h2_gelu_lin_mse_800k_s4,5,4,1,160.2,150.0,5,4,1,5,4,1,+2,+1,+1,+1,+1,+1,2.0603,0.2089,0.44,0.736,0.013,0.92,0.827,0.023,0.008,0.9,0.9,1.20,0.0057,0.0021,0.0018
d16_l1_h2_gelu_lin_mse_100k_s0,5,4,1,91.7,111.5,4,3,1,4,4,0,+1,+1,+0,+1,+1,+0,2.0604,0.2089,1.00,0.944,0.009,0.81,0.872,0.012,0.102,1.9,2.5,0.16,0.0119,0.0090,0.0010
d16_l1_h2_gelu_lin_mse_100k_s1,3,3,0,8.8,15.0,4,3,1,3,3,0,+0,+1,+0,+0,+0,+0,2.0604,0.2089,1.00,0.948,0.014,1.00,0.907,0.020,0.053,1.2,2.7,0.78,0.0055,0.0016,0.0050
d16_l1_h2_gelu_lin_mse_100k_s2,4,4,0,88.6,95.2,4,3,1,4,3,1,+1,+1,+1,+1,+1,+1,2.0604,0.2089,0.99,0.981,0.018,0.99,0.973,0.023,0.644,1.3,4.2,0.75,0.0075,0.0048,0.0011
d16_l1_h2_gelu_lin_mse_100k_s3,3,2,1,12.1,15.7,4,3,1,3,3,0,+1,+1,+1,+1,+1,+1,2.0604,0.2089,1.00,0.996,0.017,1.00,0.982,0.020,0.114,0.5,2.3,0.84,0.0021,0.0002,0.0048
d16_l1_h2_gelu_lin_mse_100k_s4,4,3,1,24.2,64.7,4,3,1,4,2,2,+0,+1,+1,+0,+1,+1,2.0604,0.2089,1.00,0.901,0.011,1.00,0.844,0.016,0.359,1.4,2.7,1.06,0.0060,0.0032,0.0034
d16_l1_h2_gelu_lin_mse_200k_s0,5,5,0,198.4,314.9,4,3,1,4,4,0,+0,+1,+0,+1,+1,+0,2.0604,0.2089,0.99,0.963,0.013,0.87,0.915,0.021,0.196,1.5,3.0,0.24,0.0139,0.0081,0.0012
d16_l1_h2_gelu_lin_mse_200k_s1,3,3,0,10.0,19.1,4,3,1,3,3,0,+1,+1,+1,-1,+1,+0,2.0604,0.2089,1.00,0.959,0.019,1.00,0.929,0.023,0.028,0.8,2.3,0.81,0.0061,0.0015,0.0037
d16_l1_h2_gelu_lin_mse_200k_s2,5,4,1,144.3,124.0,4,3,1,4,3,1,+1,+1,+1,+1,+1,+1,2.0603,0.2089,0.99,0.975,0.020,0.99,0.967,0.027,0.091,0.8,3.8,0.80,0.0036,0.0019,0.0013
d16_l1_h2_gelu_lin_mse_200k_s3,4,3,1,42.9,43.2,4,3,1,4,3,1,+1,+1,+1,+1,+1,+1,2.0603,0.2089,1.00,0.993,0.021,1.00,0.987,0.025,0.046,0.1,1.7,1.05,0.0015,0.0001,0.0051
d16_l1_h2_gelu_lin_mse_200k_s4,4,4,0,54.9,123.9,4,3,1,4,3,1,+0,+1,+1,+1,+1,+1,2.0604,0.2089,1.00,0.906,0.016,1.00,0.881,0.024,0.365,1.4,3.1,1.00,0.0043,0.0024,0.0024
d16_l1_h2_gelu_lin_mse_25k_s0,4,3,1,24.9,24.2,4,3,1,4,3,1,+1,+1,+1,+1,+1,+1,2.0605,0.2087,0.61,0.829,0.003,0.41,0.549,0.003,0.008,2.3,1.5,0.56,0.0567,0.0472,0.0024
d16_l1_h2_gelu_lin_mse_25k_s1,2,2,0,7.5,9.8,3,2,1,3,2,1,+0,+1,+1,-2,+1,+1,2.0604,0.2088,1.00,0.882,0.007,1.00,0.837,0.010,0.113,2.0,4.0,0.77,0.0078,0.0018,0.0056
d16_l1_h2_gelu_lin_mse_25k_s2,4,3,1,37.1,39.9,3,2,1,4,3,1,+0,+1,+1,+1,+1,+1,2.0605,0.2087,0.96,0.971,0.005,0.96,0.972,0.007,0.600,1.2,3.9,0.73,0.0142,0.0053,0.0016
d16_l1_h2_gelu_lin_mse_25k_s3,,2,,3.8,5.5,3,3,0,3,2,1,,+1,+1,,+1,+1,2.0604,0.2088,0.99,0.982,0.005,1.00,0.973,0.005,0.192,0.9,1.1,1.73,0.0045,0.0002,0.0024
d16_l1_h2_gelu_lin_mse_25k_s4,3,3,0,8.3,14.4,4,3,1,3,3,0,+0,+1,+0,-1,+1,+1,2.0604,0.2089,1.00,0.888,0.005,0.99,0.767,0.006,0.306,1.4,3.5,1.07,0.0059,0.0012,0.0063
d16_l1_h2_gelu_lin_mse_400k_s0,5,4,1,368.2,290.2,4,3,1,4,3,1,+1,+1,+1,+1,+1,+1,2.0604,0.2089,0.92,0.936,0.012,0.96,0.966,0.021,0.249,0.9,2.9,0.95,0.0138,0.0077,0.0006
d16_l1_h2_gelu_lin_mse_400k_s1,4,3,1,58.0,70.7,4,3,1,4,3,1,+0,+1,+1,+1,+1,+1,2.0604,0.2089,1.00,0.979,0.017,1.00,0.968,0.018,0.035,0.5,2.2,0.86,0.0045,0.0009,0.0031
d16_l1_h2_gelu_lin_mse_400k_s2,5,4,1,254.4,208.3,4,3,1,4,3,1,+1,+1,+1,+1,+1,+1,2.0604,0.2089,0.96,0.964,0.018,0.99,0.964,0.023,0.116,0.3,3.4,0.88,0.0031,0.0018,0.0010
d16_l1_h2_gelu_lin_mse_400k_s3,5,4,1,205.1,152.0,4,3,1,4,3,1,+1,+1,+1,+2,+1,+1,2.0604,0.2089,0.96,0.978,0.020,0.96,0.975,0.021,0.016,0.3,1.3,1.52,0.0015,0.0002,0.0051
d16_l1_h2_gelu_lin_mse_400k_s4,5,4,1,146.1,303.4,4,3,1,4,3,1,+1,+1,+1,+0,+1,+1,2.0603,0.2089,1.00,0.895,0.016,1.00,0.910,0.024,0.121,1.0,3.2,0.85,0.0038,0.0017,0.0030
d16_l1_h2_gelu_lin_mse_50k_s0,5,4,1,55.4,51.6,4,3,1,4,4,0,+1,+1,+0,+1,+1,+1,2.0604,0.2089,0.77,0.873,0.005,0.70,0.815,0.007,0.099,1.7,2.4,0.24,0.0312,0.0258,0.0017
d16_l1_h2_gelu_lin_mse_50k_s1,3,2,1,8.5,13.6,4,3,1,3,2,1,+0,+1,+0,-1,+1,+1,2.0604,0.2089,1.00,0.933,0.009,1.00,0.869,0.014,0.024,1.5,3.2,0.78,0.0061,0.0022,0.0047
d16_l1_h2_gelu_lin_mse_50k_s2,4,3,1,58.4,59.0,4,3,1,4,3,1,+0,+1,+1,+1,+1,+1,2.0604,0.2088,0.96,0.965,0.010,0.96,0.966,0.014,0.827,1.1,4.2,0.73,0.0108,0.0058,0.0013
d16_l1_h2_gelu_lin_mse_50k_s3,3,2,1,5.7,7.2,4,3,1,3,2,1,+1,+1,+1,+0,+1,+1,2.0604,0.2089,1.00,0.992,0.010,1.00,0.978,0.011,0.179,0.5,1.9,0.98,0.0039,0.0002,0.0042
d16_l1_h2_gelu_lin_mse_50k_s4,3,3,0,13.7,28.0,4,3,1,3,3,0,+1,+1,+0,+0,+1,+1,2.0604,0.2089,1.00,0.896,0.007,0.99,0.778,0.010,0.349,1.3,3.0,1.11,0.0049,0.0016,0.0043
d16_l1_h2_gelu_lin_mse_800k_s0,5,4,1,412.4,353.6,4,3,1,4,3,1,+2,+1,+1,+1,+1,+1,2.0604,0.2089,0.93,0.947,0.007,0.96,0.964,0.011,0.113,0.7,1.3,1.12,0.0074,0.0036,0.0007
d16_l1_h2_gelu_lin_mse_800k_s1,5,4,1,194.3,277.4,4,3,1,4,3,1,+1,+1,+1,+1,+1,+1,2.0604,0.2089,1.00,0.980,0.010,1.00,0.984,0.010,0.009,0.1,2.5,0.99,0.0032,0.0024,0.0021
d16_l1_h2_gelu_lin_mse_800k_s2,5,4,1,284.5,313.7,4,3,1,4,3,1,+1,+1,+1,+1,+1,+1,2.0604,0.2089,0.96,0.966,0.011,0.96,0.971,0.014,0.169,0.1,2.8,0.96,0.0038,0.0028,0.0009
d16_l1_h2_gelu_lin_mse_800k_s3,5,4,1,264.7,230.7,4,3,1,4,4,0,+1,+1,+0,+1,+1,+1,2.0603,0.2089,0.96,0.956,0.015,0.96,0.958,0.015,0.007,0.4,1.3,1.59,0.0019,0.0010,0.0039
d16_l1_h2_gelu_lin_mse_800k_s4,5,4,1,318.1,479.2,4,3,1,4,3,1,+1,+1,+1,+1,+1,+1,2.0603,0.2089,0.96,0.876,0.009,1.00,0.918,0.014,0.061,0.6,2.8,0.85,0.0081,0.0014,0.0017
d32_l1_h2_gelu_lin_mse_100k_s0,4,3,1,41.4,33.8,4,3,1,4,3,1,+1,+1,+1,+1,+1,+1,2.0603,0.2089,0.94,0.951,0.014,0.99,0.977,0.022,0.023,0.9,2.4,0.27,0.0125,0.0010,0.0004
d32_l1_h2_gelu_lin_mse_100k_s1,5,4,1,138.4,115.4,4,3,1,5,4,1,+1,+1,+1,+1,+1,+1,2.0603,0.2089,1.00,0.994,0.039,1.00,0.992,0.037,0.006,0.1,3.0,1.02,0.0289,0.0244,0.0008
d32_l1_h2_gelu_lin_mse_100k_s2,4,3,1,37.9,38.2,4,3,1,4,3,1,+1,+1,+1,+1,+1,+1,2.0603,0.2089,1.00,0.994,0.033,1.00,0.995,0.036,0.084,1.0,2.7,0.59,0.0313,0.0264,0.0007
d32_l1_h2_gelu_lin_mse_100k_s3,3,2,1,7.4,8.4,4,3,1,4,3,1,+1,+1,+1,-1,+1,+1,2.0603,0.2089,0.88,0.884,0.040,0.90,0.888,0.051,0.102,0.7,1.6,0.55,0.0133,0.0008,0.0044
d32_l1_h2_gelu_lin_mse_100k_s4,0,2,-2,5.8,9.4,4,3,1,4,3,1,+0,+1,+1,-1,+1,+1,2.0603,0.2090,0.92,0.915,0.039,0.92,0.919,0.042,0.097,0.1,0.9,1.08,0.0047,0.0003,0.0041
d32_l1_h2_gelu_lin_mse_200k_s0,5,4,1,88.0,65.9,4,3,1,4,3,1,+1,+1,+1,+2,+1,+1,2.0603,0.2089,0.95,0.964,0.015,1.00,0.984,0.024,0.019,0.9,2.6,0.05,0.0191,0.0040,0.0005
d32_l1_h2_gelu_lin_mse_200k_s1,6,4,2,202.4,169.1,4,3,1,5,4,1,+1,+1,+1,+1,+1,+1,2.0603,0.2089,1.00,0.991,0.052,1.00,0.989,0.053,0.011,0.2,2.8,0.91,0.0297,0.0253,0.0005
d32_l1_h2_gelu_lin_mse_200k_s2,5,4,1,83.5,67.7,4,3,1,4,3,1,+1,+1,+1,+2,+1,+1,2.0603,0.2089,1.00,0.996,0.040,1.00,0.996,0.044,0.048,0.0,2.0,0.99,0.0194,0.0052,0.0005
d32_l1_h2_gelu_lin_mse_200k_s3,4,3,1,10.3,12.7,4,3,1,4,3,1,+1,+1,+1,+1,+1,+1,2.0603,0.2089,0.88,0.864,0.045,0.90,0.875,0.059,0.093,0.6,1.5,0.61,0.0123,0.0008,0.0038
d32_l1_h2_gelu_lin_mse_200k_s4,3,3,0,7.7,11.9,4,3,1,4,3,1,+1,+0,+1,-2,+1,+1,2.0603,0.2089,0.92,0.904,0.049,0.92,0.901,0.051,0.015,0.4,0.8,1.38,0.0032,0.0003,0.0023
d32_l1_h2_gelu_lin_mse_25k_s0,4,3,1,15.2,14.0,4,3,1,4,3,1,+1,+1,+1,+1,+1,+1,2.0603,0.2088,0.96,0.967,0.007,0.99,0.989,0.009,0.066,0.8,3.0,0.61,0.0088,0.0066,0.0003
d32_l1_h2_gelu_lin_mse_25k_s1,5,4,1,76.6,51.9,4,3,1,4,4,0,+1,+1,+0,+2,+1,+0,2.0603,0.2088,1.00,0.980,0.011,0.99,0.977,0.010,0.018,0.2,3.9,1.05,0.0290,0.0247,0.0016
d32_l1_h2_gelu_lin_mse_25k_s2,4,2,2,13.0,12.1,4,3,1,3,3,0,+1,+1,+1,+1,+1,+0,2.0604,0.2088,1.00,0.998,0.011,1.00,0.997,0.013,0.096,2.1,4.3,0.51,0.0266,0.0194,0.0007
d32_l1_h2_gelu_lin_mse_25k_s3,0,1,-1,5.5,5.9,4,3,1,4,3,1,+1,+1,+1,+0,+1,+1,2.0603,0.2089,0.95,0.933,0.013,0.99,0.931,0.017,0.129,0.9,1.7,0.54,0.0034,0.0004,0.0035
d32_l1_h2_gelu_lin_mse_25k_s4,,1,,3.8,5.1,4,3,1,3,2,1,,+1,+1,,+1,+1,2.0604,0.2089,0.99,0.973,0.014,0.99,0.968,0.015,0.094,0.4,1.2,1.19,0.0032,0.0013,0.0027
d32_l1_h2_gelu_lin_mse_400k_s0,5,4,1,222.2,133.6,4,3,1,4,3,1,+1,+1,+1,+1,+1,+1,2.0603,0.2089,0.98,0.977,0.014,0.99,0.988,0.022,0.017,1.0,1.8,0.45,0.0140,0.0013,0.0007
d32_l1_h2_gelu_lin_mse_400k_s1,6,5,1,291.9,274.2,4,3,1,5,4,1,+1,+1,+1,+1,+1,+1,2.0603,0.2089,1.00,0.989,0.050,1.00,0.977,0.046,0.033,0.3,2.5,1.29,0.0307,0.0266,0.0004
d32_l1_h2_gelu_lin_mse_400k_s2,5,4,1,135.7,107.8,4,3,1,5,3,2,+1,+1,+2,+1,+1,+2,2.0603,0.2089,0.96,0.972,0.022,0.99,0.978,0.026,0.036,0.8,0.9,0.86,0.0123,0.0009,0.0010
d32_l1_h2_gelu_lin_mse_400k_s3,4,3,1,34.8,34.6,4,3,1,4,3,1,+1,+1,+1,+1,+1,+1,2.0603,0.2089,0.89,0.861,0.031,0.92,0.886,0.041,0.050,0.3,1.2,0.76,0.0095,0.0003,0.0022
d32_l1_h2_gelu_lin_mse_400k_s4,4,3,1,19.5,30.6,4,3,1,4,3,1,+0,+1,+1,+1,+1,+1,2.0603,0.2089,0.89,0.893,0.043,0.89,0.890,0.042,0.022,1.1,1.0,1.34,0.0040,0.0001,0.0019
d32_l1_h2_gelu_lin_mse_50k_s0,4,3,1,24.7,21.2,4,3,1,4,3,1,+1,+1,+1,+1,+1,+1,2.0603,0.2089,0.96,0.965,0.011,0.99,0.982,0.014,0.034,0.1,2.4,0.62,0.0081,0.0025,0.0005
d32_l1_h2_gelu_lin_mse_50k_s1,5,4,1,128.9,86.4,4,3,1,4,4,0,+1,+1,+0,+1,+1,+0,2.0603,0.2089,1.00,0.993,0.023,1.00,0.990,0.022,0.006,0.2,3.4,1.03,0.0228,0.0191,0.0007
d32_l1_h2_gelu_lin_mse_50k_s2,4,3,1,22.3,19.8,4,3,1,4,3,1,+1,+1,+1,+1,+1,+1,2.0604,0.2089,1.00,0.996,0.020,1.00,0.997,0.023,0.029,1.9,4.0,0.56,0.0318,0.0261,0.0006
d32_l1_h2_gelu_lin_mse_50k_s3,0,2,-2,6.7,7.3,4,3,1,4,3,1,+1,+1,+1,+0,+1,+0,2.0604,0.2089,0.95,0.916,0.025,0.96,0.915,0.032,0.089,0.7,1.7,0.53,0.0092,0.0004,0.0039
d32_l1_h2_gelu_lin_mse_50k_s4,,2,,4.7,6.5,4,3,1,3,2,1,,+1,+1,,+1,+1,2.0604,0.2089,0.96,0.952,0.024,0.96,0.952,0.025,0.167,0.5,0.9,1.29,0.0068,0.0003,0.0040
d32_l1_h2_gelu_lin_mse_800k_s0,5,4,1,208.9,213.7,4,3,1,4,3,1,+1,+1,+1,+1,+1,+1,2.0603,0.2089,0.94,0.961,0.010,0.96,0.979,0.013,0.008,0.9,1.1,0.58,0.0143,0.0017,0.0009
d32_l1_h2_gelu_lin_mse_800k_s1,6,5,1,369.3,361.7,4,3,1,5,4,1,+1,+1,+1,+1,+1,+1,2.0603,0.2089,1.00,0.994,0.025,1.00,0.973,0.022,0.071,0.6,2.3,0.88,0.0378,0.0328,0.0004
d32_l1_h2_gelu_lin_mse_800k_s2,5,4,1,180.9,226.1,4,3,1,4,3,1,+1,+1,+1,+1,+1,+1,2.0603,0.2089,0.92,0.936,0.009,0.93,0.962,0.009,0.008,0.9,1.4,0.43,0.0125,0.0008,0.0012
d32_l1_h2_gelu_lin_mse_800k_s3,5,4,1,95.4,96.2,4,3,1,4,3,1,+1,+1,+1,+1,+1,+1,2.0603,0.2089,0.89,0.902,0.021,0.92,0.918,0.024,0.013,0.1,1.1,1.14,0.0030,0.0001,0.0020
d32_l1_h2_gelu_lin_mse_800k_s4,5,4,1,121.3,148.2,4,3,1,4,3,1,+1,+1,+1,+0,+1,+1,2.0603,0.2089,0.92,0.924,0.023,0.92,0.924,0.024,0.009,0.7,1.0,1.96,0.0028,0.0002,0.0020
d4_l1_h2_gelu_lin_mse_100k_s0,2,,,5.7,3.8,3,2,1,4,2,2,,+1,+2,,+1,+2,2.0605,0.2086,1.00,0.981,0.003,1.00,0.975,0.006,0.045,2.9,0.9,1.46,0.0118,0.0029,0.0036
d4_l1_h2_gelu_lin_mse_100k_s1,3,3,0,37.8,55.1,3,2,1,5,3,2,+1,+1,+2,+0,+1,+1,2.0606,0.2082,0.99,0.901,0.007,0.99,0.971,0.007,0.146,1.0,2.7,0.97,0.0076,0.0029,0.0140
d4_l1_h2_gelu_lin_mse_100k_s2,,1,,3.0,8.6,3,2,1,3,1,2,,+1,+2,,+1,+1,2.0602,0.2082,0.99,0.972,0.003,0.28,0.304,0.001,0.032,0.8,0.2,1.08,0.0054,0.0008,0.0049
d4_l1_h2_gelu_lin_mse_100k_s3,3,1,2,35.5,12.8,3,2,1,4,0,4,+2,+1,+5,+2,+1,+4,2.0599,0.2085,1.00,0.989,0.006,0.93,0.907,0.005,0.011,2.0,3.1,1.77,0.0073,0.0032,0.0072
d4_l1_h2_gelu_lin_mse_100k_s4,4,3,1,33.2,79.2,3,2,1,4,2,2,+0,+1,+3,+0,+1,+2,2.0605,0.2077,0.96,0.961,0.004,1.00,0.992,0.007,0.102,1.1,1.0,1.35,0.0297,0.0241,0.0103
d4_l1_h2_gelu_lin_mse_200k_s0,3,2,1,11.5,6.5,3,2,1,4,2,2,+1,+1,+3,+2,+1,+2,2.0603,0.2086,1.00,0.996,0.004,1.00,0.979,0.006,0.057,3.5,1.4,1.97,0.0095,0.0037,0.0051
d4_l1_h2_gelu_lin_mse_200k_s1,3,3,0,65.4,100.6,3,2,1,4,3,1,+1,+2,+1,+0,+1,+1,2.0605,0.2085,1.00,0.957,0.008,1.00,0.991,0.007,0.058,4.9,3.6,0.63,0.0086,0.0026,0.0124
d4_l1_h2_gelu_lin_mse_200k_s2,,3,,3.0,24.2,3,2,1,3,3,0,,+0,+0,,+1,+0,2.0602,0.2084,0.94,0.935,0.002,0.36,0.709,0.001,0.009,1.1,0.6,0.71,0.0045,0.0011,0.0040
d4_l1_h2_gelu_lin_mse_200k_s3,3,1,2,55.6,19.7,3,2,1,5,0,5,+2,+1,+5,+2,+1,+5,2.0603,0.2084,1.00,0.966,0.010,1.00,0.967,0.010,0.011,1.0,3.9,1.25,0.0066,0.0023,0.0051
d4_l1_h2_gelu_lin_mse_200k_s4,4,3,1,60.0,150.5,3,2,1,4,2,2,+0,+1,+2,+1,+1,+2,2.0606,0.2080,1.00,0.968,0.007,1.00,0.987,0.012,0.071,0.9,1.1,0.93,0.0269,0.0205,0.0112
d4_l1_h2_gelu_lin_mse_25k_s0,,,,2.9,2.9,3,2,1,3,1,2,,+1,+2,,+1,+2,2.0604,0.2080,1.00,0.986,0.001,1.00,0.986,0.002,0.053,1.4,1.4,0.12,0.0104,0.0022,0.0098
d4_l1_h2_gelu_lin_mse_25k_s1,3,3,0,17.2,27.8,3,2,1,4,3,1,+0,+1,+0,+1,+1,+1,2.0608,0.2073,0.96,0.888,0.002,1.00,0.926,0.003,0.189,0.7,2.0,1.09,0.0071,0.0035,0.0123
d4_l1_h2_gelu_lin_mse_25k_s2,,,,2.3,3.2,3,2,1,3,1,2,,+1,+2,,+1,+1,2.0599,0.2077,1.00,0.979,0.002,0.95,0.973,0.001,0.048,0.3,3.0,1.13,0.0083,0.0030,0.0071
d4_l1_h2_gelu_lin_mse_25k_s3,2,1,1,20.9,8.3,3,2,1,3,0,3,+1,+1,+4,+1,+1,+3,2.0593,0.2056,0.28,0.312,0.004,0.20,0.159,0.004,0.003,1.8,1.3,0.32,0.0127,0.0051,0.0178
d4_l1_h2_gelu_lin_mse_25k_s4,3,3,0,15.8,35.2,3,2,1,4,2,2,+0,+1,+1,+0,+1,+2,2.0609,0.2061,0.89,0.869,0.001,0.60,0.743,0.002,0.111,2.9,0.5,1.22,0.0056,0.0008,0.0086
d4_l1_h2_gelu_lin_mse_400k_s0,3,2,1,32.9,20.7,3,2,1,5,2,3,+1,+1,+3,+1,+1,+3,2.0603,0.2087,1.00,0.992,0.003,1.00,0.986,0.004,0.004,2.2,1.3,0.65,0.0084,0.0018,0.0092
d4_l1_h2_gelu_lin_mse_400k_s1,4,4,0,209.6,276.7,3,2,1,4,4,0,+0,+2,+1,+1,+1,+1,2.0606,0.2084,1.00,0.944,0.005,1.00,0.993,0.004,0.085,2.9,5.1,0.79,0.0083,0.0015,0.0180
d4_l1_h2_gelu_lin_mse_400k_s2,,3,,3.0,61.8,3,2,1,3,3,0,,+1,+0,,+1,-1,2.0602,0.2084,1.00,0.989,0.002,0.99,0.926,0.001,0.008,1.5,1.2,0.37,0.0049,0.0012,0.0038
d4_l1_h2_gelu_lin_mse_400k_s3,4,2,2,144.5,52.8,3,2,1,5,0,5,+2,+1,+5,+1,+1,+4,2.0603,0.2087,1.00,0.969,0.006,1.00,0.954,0.006,0.001,1.0,3.5,1.08,0.0056,0.0023,0.0039
d4_l1_h2_gelu_lin_mse_400k_s4,4,3,1,156.3,271.3,3,3,0,3,2,1,+0,+1,+1,+1,+1,+1,2.0602,0.2086,1.00,0.983,0.004,1.00,0.995,0.007,0.116,0.9,3.6,0.93,0.0105,0.0056,0.0055
d4_l1_h2_gelu_lin_mse_50k_s0,,,,3.8,3.0,3,2,1,3,2,1,,+1,+1,,+1,+1,2.0603,0.2083,1.00,0.997,0.002,1.00,0.993,0.003,0.027,2.3,1.0,0.85,0.0081,0.0013,0.0040
d4_l1_h2_gelu_lin_mse_50k_s1,3,3,0,23.8,41.3,3,2,1,4,3,1,+0,+1,+1,+1,+1,+1,2.0604,0.2080,0.99,0.872,0.006,0.99,0.959,0.006,0.108,0.9,2.0,0.97,0.0092,0.0040,0.0160
d4_l1_h2_gelu_lin_mse_50k_s2,,,,2.8,4.3,3,2,1,3,1,2,,+0,+2,,+1,+0,2.0598,0.2077,1.00,0.987,0.003,0.98,0.977,0.002,0.038,0.5,1.5,1.49,0.0073,0.0031,0.0059
d4_l1_h2_gelu_lin_mse_50k_s3,2,1,1,27.3,10.3,3,2,1,4,1,3,+2,+1,+3,+1,+1,+2,2.0599,0.2075,0.12,0.081,0.003,0.44,0.508,0.003,0.005,2.4,1.7,1.14,0.0102,0.0038,0.0151
d4_l1_h2_gelu_lin_mse_50k_s4,3,3,0,22.9,51.5,3,2,1,4,2,2,+0,+1,+3,+0,+1,+2,2.0606,0.2077,0.96,0.958,0.003,1.00,0.987,0.004,0.103,1.3,1.1,1.62,0.0212,0.0163,0.0114
d4_l1_h2_gelu_lin_mse_800k_s0,4,3,1,178.7,106.6,3,2,1,4,1,3,+1,+1,+4,+1,+1,+3,2.0604,0.2086,1.00,0.951,0.002,1.00,0.945,0.002,0.005,3.4,2.0,1.54,0.0064,0.0013,0.0083
d4_l1_h2_gelu_lin_mse_800k_s1,5,4,1,406.9,274.3,3,2,1,5,3,2,+1,+1,+2,+1,+1,+2,2.0605,0.2085,1.00,0.938,0.004,1.00,0.974,0.003,0.217,3.9,2.0,1.62,0.0069,0.0014,0.0173
d4_l1_h2_gelu_lin_mse_800k_s2,,3,,3.0,350.3,3,2,1,3,2,1,,+0,+1,,+1,+0,2.0602,0.2087,0.76,0.824,0.001,0.09,0.001,0.000,0.008,0.8,0.4,0.77,0.0030,0.0008,0.0032
d4_l1_h2_gelu_lin_mse_800k_s3,5,3,2,839.8,368.7,3,2,1,4,1,3,+2,+1,+4,+2,+1,+3,2.0603,0.2085,1.00,0.987,0.005,1.00,0.975,0.003,0.005,2.3,7.2,0.55,0.0046,0.0017,0.0035
d4_l1_h2_gelu_lin_mse_800k_s4,5,4,1,793.5,1884.5,4,3,1,4,2,2,+1,+1,+2,+1,+1,+2,2.0603,0.2087,0.93,0.953,0.004,0.99,0.968,0.006,0.047,4.1,5.7,0.75,0.0049,0.0015,0.0069
d64_l1_h2_gelu_lin_mse_100k_s0,5,4,1,128.0,116.3,4,3,1,4,4,0,+0,+1,+1,+1,+1,+0,2.0603,0.2089,1.00,0.947,0.032,0.70,0.815,0.049,0.100,1.4,2.0,0.15,0.0204,0.0146,0.0005
d64_l1_h2_gelu_lin_mse_100k_s1,5,4,1,100.8,102.5,4,3,1,5,4,1,+1,+1,+0,+1,+1,+1,2.0603,0.2089,1.00,0.983,0.057,0.96,0.936,0.045,0.018,1.3,1.9,0.43,0.0109,0.0076,0.0009
d64_l1_h2_gelu_lin_mse_100k_s2,5,4,1,87.9,116.0,4,3,1,5,4,1,+0,+1,+0,+1,+1,+1,2.0603,0.2089,1.00,0.990,0.070,0.95,0.924,0.060,0.008,0.5,2.2,0.36,0.0260,0.0223,0.0018
d64_l1_h2_gelu_lin_mse_100k_s3,5,4,1,76.0,79.3,4,3,1,5,4,1,+1,+2,+1,+1,+1,+1,2.0603,0.2089,0.96,0.957,0.050,0.85,0.868,0.037,0.021,1.5,1.7,0.12,0.0109,0.0082,0.0005
d64_l1_h2_gelu_lin_mse_100k_s4,5,4,1,89.4,106.7,4,3,1,4,3,1,+1,+1,+1,+1,+1,+1,2.0603,0.2089,0.92,0.956,0.028,0.96,0.945,0.048,0.141,0.9,1.2,0.72,0.0081,0.0042,0.0006
d64_l1_h2_gelu_lin_mse_200k_s0,5,5,0,177.9,256.3,4,3,1,5,4,1,+1,+1,+1,+0,+1,+1,2.0603,0.2089,1.00,0.934,0.038,0.71,0.829,0.060,0.104,1.4,2.0,0.23,0.0207,0.0144,0.0005
d64_l1_h2_gelu_lin_mse_200k_s1,6,5,1,197.5,187.3,4,3,1,5,4,1,+1,+1,+0,+1,+1,+1,2.0603,0.2089,1.00,0.975,0.057,0.87,0.893,0.045,0.021,1.4,1.9,0.11,0.0086,0.0060,0.0005
d64_l1_h2_gelu_lin_mse_200k_s2,5,4,1,120.5,117.7,4,3,1,5,4,1,+1,+0,+1,+1,+1,+1,2.0604,0.2089,1.00,0.994,0.084,0.95,0.930,0.072,0.011,0.7,2.3,0.23,0.0167,0.0140,0.0013
d64_l1_h2_gelu_lin_mse_200k_s3,5,4,1,109.3,114.2,4,3,1,6,3,3,+1,+1,+3,+1,+1,+2,2.0603,0.2089,0.81,0.850,0.038,0.75,0.817,0.034,0.017,1.1,1.7,0.08,0.0064,0.0029,0.0003
d64_l1_h2_gelu_lin_mse_200k_s4,5,4,1,127.7,167.7,4,3,1,4,3,1,+1,+1,+1,+1,+1,+1,2.0603,0.2089,0.93,0.947,0.034,0.96,0.926,0.050,0.127,1.1,1.6,0.73,0.0079,0.0032,0.0006
d64_l1_h2_gelu_lin_mse_25k_s0,5,4,1,50.0,59.9,4,3,1,4,4,0,+1,+1,+0,+0,+1,+0,2.0603,0.2089,1.00,0.957,0.014,0.81,0.875,0.020,0.139,1.2,1.7,0.03,0.0218,0.0163,0.0005
d64_l1_h2_gelu_lin_mse_25k_s1,5,4,1,33.7,33.3,4,3,1,5,4,1,+1,+1,+1,+1,+1,+0,2.0604,0.2088,1.00,0.994,0.030,1.00,0.983,0.027,0.023,0.4,1.6,1.75,0.0128,0.0082,0.0022
d64_l1_h2_gelu_lin_mse_25k_s2,5,4,1,41.5,49.5,4,3,1,5,4,1,+1,+1,+1,+1,+1,+1,2.0604,0.2088,1.00,0.991,0.027,0.99,0.933,0.023,0.007,0.5,2.2,0.51,0.0297,0.0257,0.0025
d64_l1_h2_gelu_lin_mse_25k_s3,4,4,0,35.5,44.1,4,3,1,4,4,0,+1,+1,+0,+1,+1,+0,2.0604,0.2089,1.00,0.998,0.029,1.00,0.987,0.023,0.034,1.8,1.7,0.76,0.0156,0.0112,0.0008
d64_l1_h2_gelu_lin_mse_25k_s4,4,3,1,43.8,47.7,4,3,1,4,3,1,+1,+1,+1,+1,+1,+1,2.0604,0.2089,1.00,0.952,0.012,0.96,0.959,0.021,0.199,0.7,1.4,0.80,0.0107,0.0076,0.0005
d64_l1_h2_gelu_lin_mse_400k_s0,6,5,1,307.2,246.7,4,3,1,5,4,1,+1,+1,+1,+2,+1,+2,2.0603,0.2089,1.00,0.947,0.024,0.79,0.878,0.043,0.124,1.4,2.1,0.19,0.0189,0.0124,0.0005
d64_l1_h2_gelu_lin_mse_400k_s1,6,5,1,310.7,352.3,4,3,1,5,5,0,+1,+1,+0,+1,+1,+1,2.0603,0.2089,1.00,0.976,0.044,0.93,0.942,0.035,0.012,1.6,1.6,0.10,0.0084,0.0026,0.0004
d64_l1_h2_gelu_lin_mse_400k_s2,6,5,1,228.6,220.9,4,3,1,6,4,2,+1,+1,+2,+1,+1,+2,2.0603,0.2089,1.00,0.996,0.062,0.88,0.926,0.058,0.024,0.9,1.9,0.14,0.0228,0.0199,0.0003
d64_l1_h2_gelu_lin_mse_400k_s3,5,4,1,135.8,143.1,4,3,1,5,3,2,+1,+1,+1,+1,+1,+2,2.0603,0.2089,0.68,0.725,0.021,0.90,0.901,0.026,0.024,1.0,1.2,0.24,0.0086,0.0001,0.0008
d64_l1_h2_gelu_lin_mse_400k_s4,5,4,1,149.9,185.9,4,3,1,5,4,1,+1,+1,+1,+1,+1,+1,2.0603,0.2089,0.96,0.946,0.026,0.99,0.950,0.033,0.081,1.2,1.3,0.78,0.0113,0.0028,0.0010
d64_l1_h2_gelu_lin_mse_50k_s0,5,4,1,86.3,104.1,4,3,1,4,4,0,+1,+1,+0,+1,+1,+0,2.0603,0.2089,1.00,0.948,0.024,0.70,0.827,0.034,0.133,1.3,1.9,0.18,0.0207,0.0149,0.0005
d64_l1_h2_gelu_lin_mse_50k_s1,5,4,1,69.4,61.0,4,3,1,5,4,1,+1,+1,+1,+1,+1,+1,2.0604,0.2089,1.00,0.986,0.045,0.99,0.953,0.037,0.025,0.9,1.8,1.03,0.0123,0.0091,0.0024
d64_l1_h2_gelu_lin_mse_50k_s2,5,4,1,61.6,69.0,4,3,1,5,4,1,+1,+1,+1,+1,+1,+1,2.0604,0.2089,1.00,0.988,0.048,1.00,0.926,0.040,0.007,0.5,2.3,0.20,0.0270,0.0231,0.0027
d64_l1_h2_gelu_lin_mse_50k_s3,5,4,1,55.2,65.7,4,3,1,5,4,1,+1,+1,+1,+1,+1,+1,2.0604,0.2089,1.00,0.988,0.040,0.96,0.947,0.030,0.036,1.9,1.4,0.31,0.0127,0.0098,0.0004
d64_l1_h2_gelu_lin_mse_50k_s4,5,4,1,77.9,77.5,4,3,1,4,3,1,+1,+1,+1,+2,+1,+1,2.0603,0.2089,1.00,0.931,0.019,0.96,0.945,0.035,0.162,0.7,1.3,0.68,0.0091,0.0060,0.0005
d64_l1_h2_gelu_lin_mse_800k_s0,6,5,1,354.6,229.8,4,3,1,4,4,0,+1,+1,+0,+2,+1,+0,2.0603,0.2089,0.79,0.844,0.014,0.84,0.913,0.020,0.129,1.1,2.2,0.47,0.0133,0.0075,0.0006
d64_l1_h2_gelu_lin_mse_800k_s1,6,5,1,175.2,214.4,5,4,1,5,4,1,+1,+1,+1,+0,+1,+1,2.0603,0.2089,0.98,0.967,0.016,0.98,0.975,0.016,0.026,1.0,1.0,0.08,0.0107,0.0000,0.0002
d64_l1_h2_gelu_lin_mse_800k_s2,6,5,1,333.4,324.2,4,3,1,6,4,2,+1,+1,+2,+1,+1,+1,2.0603,0.2089,1.00,0.992,0.026,0.88,0.925,0.027,0.013,1.2,1.6,0.01,0.0217,0.0187,0.0002
d64_l1_h2_gelu_lin_mse_800k_s3,5,4,1,118.8,117.7,5,4,1,5,4,1,+1,+1,+1,+1,+1,+1,2.0603,0.2089,0.76,0.780,0.006,0.90,0.932,0.008,0.017,0.9,0.8,0.45,0.0092,0.0001,0.0009
d64_l1_h2_gelu_lin_mse_800k_s4,5,4,1,129.3,143.2,5,4,1,5,4,1,+2,+1,+1,+1,+1,+1,2.0603,0.2089,0.98,0.969,0.013,0.99,0.981,0.017,0.115,1.1,1.1,0.99,0.0099,0.0029,0.0005
d8_l1_h2_gelu_clamp_mse_800k_s0,5,4,1,502.0,447.6,4,3,1,4,3,1,+1,+1,+1,+2,+1,+1,2.0603,0.2089,0.88,0.745,0.004,0.95,0.852,0.005,0.148,1.3,0.6,0.49,0.0056,0.0018,0.0011
d8_l1_h2_gelu_clamp_mse_800k_s1,4,4,0,97.9,291.0,4,3,1,4,4,0,+0,+1,+1,+1,+1,+0,2.0603,0.2089,0.84,0.903,0.004,0.88,0.928,0.004,0.006,0.1,0.3,0.66,0.0009,0.0002,0.0032
d8_l1_h2_gelu_clamp_mse_800k_s2,6,4,2,328.3,268.8,4,3,1,4,3,1,+2,+1,+3,+3,+1,+1,2.0604,0.2089,0.87,0.879,0.002,0.84,0.857,0.002,0.015,0.1,0.3,1.04,0.0026,0.0015,0.0029
d8_l1_h2_gelu_clamp_mse_800k_s3,5,,,232.1,3.0,4,3,1,4,1,3,,+1,+3,,+1,+4,2.0603,0.2089,1.00,0.998,0.021,1.00,0.999,0.022,0.029,0.1,0.6,0.74,0.0043,0.0025,0.0031
d8_l1_h2_gelu_clamp_mse_800k_s4,,4,,3.4,338.7,4,3,1,3,4,-1,,+1,-1,,+1,-1,2.0604,0.2090,1.00,0.994,0.025,1.00,0.994,0.025,0.007,0.4,0.3,0.87,0.0089,0.0008,0.0114
d8_l1_h2_gelu_lin_mae_800k_s0,5,4,1,1289.3,1175.2,4,3,1,4,3,1,+0,+1,+1,+1,+1,+1,2.0604,0.2087,1.00,0.994,0.004,1.00,0.988,0.003,0.055,0.4,0.9,1.43,0.0025,0.0012,0.0032
d8_l1_h2_gelu_lin_mae_800k_s1,5,5,0,842.5,999.4,4,3,1,3,3,0,+0,+1,+0,+1,+1,+0,2.0603,0.2089,1.00,0.995,0.005,1.00,0.983,0.006,0.145,1.0,1.5,0.61,0.0036,0.0001,0.0031
d8_l1_h2_gelu_lin_mae_800k_s2,6,4,2,829.5,581.8,4,3,1,5,4,1,+2,+1,+1,+2,+1,+2,2.0603,0.2088,1.00,0.994,0.008,1.00,0.992,0.007,0.019,0.4,0.3,0.59,0.0025,0.0011,0.0043
d8_l1_h2_gelu_lin_mae_800k_s3,5,2,3,160.4,6.0,4,3,1,5,2,3,+3,+1,+2,+4,+1,+3,2.0604,0.2088,0.79,0.830,0.006,1.00,0.913,0.006,0.036,0.8,2.9,0.82,0.0080,0.0021,0.0033
d8_l1_h2_gelu_lin_mae_800k_s4,4,4,0,603.3,903.2,4,3,1,4,2,2,+1,+1,+2,+0,+1,+1,2.0603,0.2088,0.96,0.962,0.004,0.99,0.975,0.006,0.073,0.6,3.6,0.49,0.0054,0.0012,0.0022
d8_l1_h2_gelu_lin_mse_100k_s0,4,3,1,65.9,67.0,3,2,1,3,3,0,+1,+1,+0,+1,+1,+1,2.0604,0.2088,1.00,0.955,0.008,1.00,0.950,0.010,0.163,2.0,3.5,0.73,0.0083,0.0059,0.0044
d8_l1_h2_gelu_lin_mse_100k_s1,4,3,1,56.2,26.5,4,3,1,3,3,0,+1,+1,+0,+1,+1,+1,2.0604,0.2088,1.00,0.878,0.015,1.00,0.828,0.016,0.168,1.9,4.8,0.73,0.0045,0.0019,0.0073
d8_l1_h2_gelu_lin_mse_100k_s2,5,5,0,89.7,107.4,4,3,1,4,4,0,+0,+1,+1,+1,+1,+0,2.0604,0.2087,1.00,0.961,0.008,0.99,0.929,0.004,0.053,1.5,2.1,0.82,0.0200,0.0165,0.0049
d8_l1_h2_gelu_lin_mse_100k_s3,3,2,1,15.4,6.7,3,3,0,4,3,1,+2,+1,+1,+3,+1,+1,2.0605,0.2089,0.96,0.892,0.004,0.99,0.923,0.007,0.397,1.8,2.3,1.03,0.0059,0.0035,0.0034
d8_l1_h2_gelu_lin_mse_100k_s4,4,3,1,15.3,47.6,3,2,1,4,3,1,+1,+1,+1,+1,+1,+1,2.0602,0.2088,1.00,0.978,0.008,1.00,0.947,0.012,0.251,2.3,2.1,0.51,0.0072,0.0030,0.0031
d8_l1_h2_gelu_lin_mse_200k_s0,4,3,1,121.6,117.2,4,3,1,4,3,1,+1,+1,+1,+1,+1,+1,2.0604,0.2088,1.00,0.957,0.010,1.00,0.961,0.012,0.155,2.2,3.6,0.68,0.0107,0.0073,0.0047
d8_l1_h2_gelu_lin_mse_200k_s1,4,3,1,104.0,51.0,4,3,1,3,3,0,+1,+1,+0,+1,+1,+0,2.0604,0.2088,1.00,0.913,0.016,1.00,0.875,0.016,0.190,2.4,4.5,0.65,0.0041,0.0021,0.0067
d8_l1_h2_gelu_lin_mse_200k_s2,5,5,0,145.2,158.0,4,3,1,5,3,2,+0,+1,+2,+1,+1,+1,2.0604,0.2088,1.00,0.985,0.009,1.00,0.988,0.007,0.041,1.2,2.2,1.19,0.0206,0.0172,0.0037
d8_l1_h2_gelu_lin_mse_200k_s3,4,2,2,36.5,15.7,4,3,1,4,3,1,+1,+1,+1,+1,+1,+1,2.0605,0.2089,0.99,0.900,0.008,1.00,0.933,0.012,0.450,1.9,2.7,0.90,0.0044,0.0020,0.0037
d8_l1_h2_gelu_lin_mse_200k_s4,4,3,1,26.7,88.9,3,2,1,4,3,1,-1,+1,+2,+0,+1,+1,2.0604,0.2089,1.00,0.987,0.010,1.00,0.960,0.013,0.043,1.6,2.1,0.69,0.0052,0.0018,0.0027
d8_l1_h2_gelu_lin_mse_25k_s0,3,2,1,25.8,24.3,3,2,1,3,2,1,+1,+1,+1,+1,+1,+1,2.0605,0.2085,1.00,0.890,0.004,1.00,0.856,0.005,0.117,2.2,3.3,0.63,0.0093,0.0022,0.0058
d8_l1_h2_gelu_lin_mse_25k_s1,3,2,1,17.0,8.7,3,2,1,3,2,1,+1,+1,+0,+2,+1,+1,2.0604,0.2087,1.00,0.885,0.006,1.00,0.828,0.006,0.164,2.0,4.3,0.68,0.0066,0.0012,0.0068
d8_l1_h2_gelu_lin_mse_25k_s2,4,3,1,40.1,30.8,3,2,1,4,3,1,+1,+1,+1,+1,+1,+1,2.0604,0.2083,1.00,0.978,0.004,0.44,0.639,0.002,0.061,2.7,1.5,0.28,0.0322,0.0239,0.0075
d8_l1_h2_gelu_lin_mse_25k_s3,,,,4.3,2.3,3,2,1,3,3,0,,+1,+0,,+1,+1,2.0604,0.2086,0.99,0.946,0.001,0.88,0.877,0.002,0.494,2.2,1.0,1.72,0.0120,0.0058,0.0045
d8_l1_h2_gelu_lin_mse_25k_s4,3,2,1,7.2,13.2,3,2,1,3,2,1,+2,+1,+1,-2,+1,+1,2.0602,0.2088,0.99,0.970,0.004,1.00,0.946,0.006,0.681,2.4,4.1,0.25,0.0107,0.0024,0.0051
d8_l1_h2_gelu_lin_mse_400k_s0,5,4,1,307.8,244.3,4,3,1,4,3,1,+1,+1,+1,+1,+1,+1,2.0603,0.2089,1.00,0.985,0.008,1.00,0.979,0.009,0.113,2.4,2.9,0.54,0.0230,0.0186,0.0036
d8_l1_h2_gelu_lin_mse_400k_s1,4,3,1,246.5,121.2,4,3,1,3,3,0,+2,+1,+0,+1,+1,+1,2.0604,0.2088,1.00,0.967,0.012,1.00,0.920,0.011,0.154,2.1,2.8,0.62,0.0061,0.0022,0.0037
d8_l1_h2_gelu_lin_mse_400k_s2,5,4,1,290.2,239.4,4,3,1,5,3,2,+1,+1,+2,+1,+1,+1,2.0603,0.2089,1.00,0.999,0.006,0.99,0.973,0.006,0.032,1.5,1.6,0.27,0.0226,0.0190,0.0041
d8_l1_h2_gelu_lin_mse_400k_s3,4,3,1,119.1,60.2,4,3,1,4,2,2,+1,+1,+2,+1,+1,+2,2.0605,0.2089,0.99,0.822,0.008,1.00,0.902,0.008,0.209,0.9,2.7,1.09,0.0032,0.0017,0.0027
d8_l1_h2_gelu_lin_mse_400k_s4,4,3,1,61.4,207.4,4,3,1,4,3,1,-1,+1,+2,+0,+1,+1,2.0604,0.2089,1.00,0.989,0.008,1.00,0.974,0.008,0.108,1.2,2.0,0.68,0.0066,0.0006,0.0023
d8_l1_h2_gelu_lin_mse_50k_s0,4,3,1,42.5,41.2,3,2,1,3,3,0,+1,+1,+0,+2,+1,+0,2.0603,0.2088,1.00,0.915,0.005,1.00,0.910,0.007,0.132,1.9,3.2,0.72,0.0067,0.0025,0.0047
d8_l1_h2_gelu_lin_mse_50k_s1,3,2,1,30.7,14.7,3,3,0,3,3,0,+1,+1,+0,+1,+1,+1,2.0604,0.2088,1.00,0.867,0.010,1.00,0.821,0.011,0.170,1.9,5.0,0.71,0.0039,0.0017,0.0078
d8_l1_h2_gelu_lin_mse_50k_s2,5,4,1,62.4,56.1,4,3,1,4,4,0,+0,+1,+0,+1,+1,+1,2.0604,0.2088,1.00,0.986,0.006,0.98,0.924,0.002,0.020,1.8,1.6,0.94,0.0264,0.0211,0.0055
d8_l1_h2_gelu_lin_mse_50k_s3,2,,,6.5,3.4,3,2,1,4,2,2,,+1,+1,,+1,+1,2.0603,0.2089,0.78,0.842,0.002,0.96,0.898,0.003,0.458,2.0,1.5,1.21,0.0084,0.0039,0.0040
d8_l1_h2_gelu_lin_mse_50k_s4,3,2,1,10.1,27.5,3,2,1,3,2,1,+1,+1,+1,+1,+1,+1,2.0602,0.2088,1.00,0.979,0.006,1.00,0.952,0.009,0.789,1.8,3.9,0.40,0.0073,0.0021,0.0029
d8_l1_h2_gelu_lin_mse_800k_M10pi_Ewrap_s0,0,4,-4,301.4,377.9,0,3,-3,0,3,-3,-4,-3,-3,-3,-3,-3,,,0.71,0.742,0.003,0.71,0.738,0.003,,,,,,,
d8_l1_h2_gelu_lin_mse_800k_M10pi_Ewrap_s1,0,4,-4,429.5,712.1,0,2,-2,0,3,-3,-4,-3,-3,-4,-2,-3,,,0.18,0.493,0.002,0.99,0.955,0.001,,,,,,,
d8_l1_h2_gelu_lin_mse_800k_M10pi_Ewrap_s2,0,4,-4,1532.9,941.9,0,3,-3,0,3,-3,-5,-3,-3,-4,-2,-3,,,0.61,0.489,0.002,0.79,0.671,0.001,,,,,,,
d8_l1_h2_gelu_lin_mse_800k_M10pi_Ewrap_s3,0,4,-4,550.4,288.6,0,3,-3,0,4,-4,-4,-3,-4,-3,-3,-4,,,0.76,0.763,0.003,0.75,0.716,0.003,,,,,,,
d8_l1_h2_gelu_lin_mse_800k_M10pi_Ewrap_s4,0,4,-4,855.5,840.2,0,3,-3,0,3,-3,-5,-3,-3,-4,-2,-3,,,0.79,0.819,0.002,0.87,0.759,0.003,,,,,,,
d8_l1_h2_gelu_lin_mse_800k_M10pi_s0,5,3,2,924.1,741.4,4,2,2,4,2,2,+2,+2,+2,+2,+2,+2,,,1.00,0.973,0.003,1.00,0.892,0.003,,,,,,,
d8_l1_h2_gelu_lin_mse_800k_M10pi_s1,5,3,2,1122.0,471.0,4,2,2,4,2,2,+2,+2,+2,+2,+2,+2,,,1.00,0.931,0.003,0.99,0.913,0.003,,,,,,,
d8_l1_h2_gelu_lin_mse_800k_M10pi_s2,6,3,3,492.9,252.0,4,2,2,4,3,1,+2,+2,+1,+3,+2,+1,,,1.00,0.998,0.009,1.00,0.988,0.010,,,,,,,
d8_l1_h2_gelu_lin_mse_800k_M10pi_s3,5,4,1,477.0,410.0,4,2,2,4,3,1,+2,+2,+1,+1,+2,+1,,,1.00,0.994,0.009,0.96,0.951,0.011,,,,,,,
d8_l1_h2_gelu_lin_mse_800k_M10pi_s4,5,3,2,348.7,890.0,4,2,2,3,2,1,+0,+2,+1,+2,+2,+1,,,1.00,0.860,0.006,0.96,0.766,0.006,,,,,,,
d8_l1_h2_gelu_lin_mse_800k_M50r_Ewrap_s0,6,1,5,51.4,12.0,5,0,5,6,0,6,+5,+5,+6,+4,+5,+6,,,0.21,0.214,0.086,0.16,0.159,0.099,,,,,,,
d8_l1_h2_gelu_lin_mse_800k_M50r_Ewrap_s1,5,1,4,33.9,24.4,5,1,4,5,1,4,+4,+4,+4,+4,+5,+4,,,0.87,0.803,0.025,0.73,0.697,0.027,,,,,,,
d8_l1_h2_gelu_lin_mse_800k_M50r_Ewrap_s2,5,1,4,71.4,19.2,4,0,4,5,0,5,+5,+4,+5,+4,+4,+5,,,0.12,0.088,0.083,0.08,0.028,0.083,,,,,,,
d8_l1_h2_gelu_lin_mse_800k_M50r_Ewrap_s3,5,1,4,65.3,18.5,4,0,4,5,1,4,+4,+4,+4,+4,+4,+4,,,0.43,0.543,0.077,0.21,0.299,0.078,,,,,,,
d8_l1_h2_gelu_lin_mse_800k_M50r_Ewrap_s4,5,1,4,57.9,22.1,4,0,4,5,1,4,+4,+5,+4,+4,+4,+4,,,0.25,0.236,0.034,0.19,0.113,0.025,,,,,,,
d8_l1_h2_gelu_lin_mse_800k_M50r_s0,6,3,3,368.6,247.7,4,1,3,4,2,2,+3,+2,+1,+2,+3,+2,,,0.99,0.985,0.010,0.96,0.978,0.010,,,,,,,
d8_l1_h2_gelu_lin_mse_800k_M50r_s1,5,3,2,667.2,923.9,4,1,3,4,1,3,+1,+3,+3,+2,+2,+3,,,0.99,0.990,0.003,0.99,0.981,0.003,,,,,,,
d8_l1_h2_gelu_lin_mse_800k_M50r_s2,6,2,4,343.5,112.4,4,0,4,4,1,3,+4,+4,+3,+3,+4,+3,,,1.00,0.994,0.024,1.00,0.993,0.025,,,,,,,
d8_l1_h2_gelu_lin_mse_800k_M50r_s3,6,3,3,555.6,397.9,4,1,3,3,2,1,+2,+3,+1,+2,+2,+1,,,0.99,0.985,0.010,1.00,0.991,0.010,,,,,,,
d8_l1_h2_gelu_lin_mse_800k_M50r_s4,5,3,2,482.6,439.8,3,1,2,3,2,1,+2,+3,+1,+2,+2,+1,,,1.00,0.984,0.007,0.99,0.962,0.006,,,,,,,
d8_l1_h2_gelu_lin_mse_800k_s0,5,4,1,770.4,452.3,4,3,1,4,3,1,+1,+1,+0,+1,+0,+1,2.0603,0.2089,1.00,0.989,0.005,1.00,0.982,0.006,0.024,0.4,0.7,0.73,0.0038,0.0021,0.0031
d8_l1_h2_gelu_lin_mse_800k_s1,5,3,2,737.3,428.6,4,3,1,3,2,1,+1,+1,+1,+1,+1,+1,2.0604,0.2088,1.00,0.977,0.006,1.00,0.946,0.005,0.128,1.7,2.8,0.49,0.0056,0.0013,0.0022
d8_l1_h2_gelu_lin_mse_800k_s2,5,4,1,335.4,452.8,4,3,1,4,2,2,+0,+1,+2,+1,+1,+2,2.0604,0.2088,0.87,0.880,0.002,0.93,0.949,0.003,0.112,0.5,1.2,0.20,0.0084,0.0068,0.0034
d8_l1_h2_gelu_lin_mse_800k_s3,5,3,2,537.6,224.9,4,3,1,4,2,2,+1,+1,+2,+2,+1,+2,2.0604,0.2089,0.26,0.561,0.003,1.00,0.842,0.003,0.002,1.2,1.8,1.68,0.0069,0.0049,0.0020
d8_l1_h2_gelu_lin_mse_800k_s4,4,4,0,269.7,616.9,4,3,1,4,3,1,+0,+1,+2,+1,+1,+1,2.0604,0.2089,1.00,0.981,0.004,1.00,0.973,0.003,0.052,0.3,1.3,0.76,0.0042,0.0011,0.0022
d8_l1_h2_gelu_lnoff_lin_mse_800k_s0,5,4,1,620.6,695.7,3,2,1,5,3,2,+1,+1,+1,+1,+1,+2,2.0603,0.2085,1.00,0.993,0.062,1.00,0.975,0.056,0.002,1.3,0.8,0.00,0.0113,0.0036,0.0037
d8_l1_h2_gelu_lnoff_lin_mse_800k_s1,5,4,1,550.6,463.1,3,2,1,3,3,0,+1,+1,+0,+2,+1,+0,2.0603,0.2087,0.99,0.969,0.030,0.99,0.985,0.030,0.021,1.8,0.3,0.00,0.0096,0.0035,0.0014
d8_l1_h2_gelu_lnoff_lin_mse_800k_s2,5,4,1,452.5,333.3,4,3,1,5,4,1,+1,+1,+1,+1,+1,+1,2.0603,0.2088,0.26,0.600,0.086,0.36,0.643,0.085,0.024,1.2,0.5,0.00,0.0112,0.0044,0.0028
d8_l1_h2_gelu_lnoff_lin_mse_800k_s3,5,4,1,734.0,522.4,4,3,1,3,2,1,+1,+1,+1,+2,+1,+1,2.0603,0.2087,1.00,0.992,0.058,1.00,0.964,0.056,0.014,0.3,0.2,0.01,0.0091,0.0054,0.0019
d8_l1_h2_gelu_lnoff_lin_mse_800k_s4,5,4,1,612.9,570.2,3,2,1,3,2,1,+1,+1,+0,+1,+1,+1,2.0604,0.2085,0.99,0.972,0.072,0.98,0.956,0.040,0.022,2.9,1.3,0.00,0.0109,0.0071,0.0049
d8_l1_h2_gelu_sig_mse_800k_s0,5,4,1,484.8,460.0,4,3,1,4,2,2,+1,+1,+2,+1,+1,+2,2.0601,0.2089,0.84,0.909,0.041,0.89,0.939,0.047,0.260,0.2,0.4,0.41,0.0020,0.0006,0.0022
d8_l1_h2_gelu_sig_mse_800k_s1,5,4,1,482.7,399.7,4,3,1,5,3,2,+1,+1,+2,+1,+1,+2,2.0600,0.2090,0.25,0.468,0.016,0.21,0.176,0.023,0.044,0.3,0.3,0.24,0.0059,0.0037,0.0023
d8_l1_h2_gelu_sig_mse_800k_s2,5,4,1,118.2,40.8,4,3,1,4,3,1,+1,+1,+0,+1,+1,+1,2.0602,0.2090,0.96,0.964,0.070,1.00,0.995,0.028,0.146,0.6,0.3,0.20,0.0029,0.0007,0.0007
d8_l1_h2_gelu_sig_mse_800k_s3,5,4,1,360.5,294.1,4,3,1,5,4,1,+2,+1,+1,+1,+1,+0,2.0601,0.2089,0.78,0.811,0.041,0.78,0.820,0.046,0.006,0.1,0.4,0.43,0.0009,0.0003,0.0038
d8_l1_h2_gelu_sig_mse_800k_s4,5,4,1,440.2,451.7,4,3,1,4,3,1,+1,+1,+1,+2,+1,+1,2.0602,0.2090,1.00,0.962,0.035,0.99,0.971,0.058,0.199,0.2,0.5,1.65,0.0012,0.0002,0.0023
d8_l1_h2_gelu_tanh_mse_800k_s0,5,4,1,371.7,401.1,4,3,1,5,4,1,+1,+1,+1,+2,+1,+1,2.0601,0.2090,0.99,0.980,0.016,0.95,0.945,0.013,0.014,1.2,1.5,0.34,0.0016,0.0006,0.0017
d8_l1_h2_gelu_tanh_mse_800k_s1,5,4,1,546.2,342.5,4,3,1,5,4,1,+1,+1,+1,+2,+1,+2,2.0602,0.2089,0.90,0.881,0.013,0.90,0.883,0.014,0.011,0.4,0.6,0.44,0.0010,0.0002,0.0030
d8_l1_h2_gelu_tanh_mse_800k_s2,5,4,1,186.6,232.7,4,3,1,4,3,1,+1,+1,+1,+1,+1,+1,2.0601,0.2090,0.84,0.868,0.005,0.71,0.774,0.004,0.007,0.3,0.7,0.02,0.0036,0.0002,0.0012
d8_l1_h2_gelu_tanh_mse_800k_s3,5,4,1,323.2,339.9,4,3,1,3,4,-1,+0,+1,-1,+1,+1,-1,2.0601,0.2089,1.00,0.976,0.067,1.00,0.976,0.065,0.490,0.1,0.5,0.69,0.0026,0.0007,0.0033
d8_l1_h2_gelu_tanh_mse_800k_s4,6,5,1,308.3,439.7,4,3,1,4,3,1,+1,+1,+1,+1,+1,+1,2.0602,0.2088,0.99,0.989,0.028,0.87,0.897,0.025,0.113,1.1,0.6,0.12,0.0158,0.0118,0.0020
d8_l1_h2_relu_lin_mse_800k_s0,5,4,1,988.8,556.5,4,3,1,5,4,1,+1,+1,+1,+1,+1,+1,2.0603,0.2089,0.93,0.952,0.003,0.98,0.978,0.003,0.025,0.8,0.9,1.74,0.0080,0.0059,0.0021
d8_l1_h2_relu_lin_mse_800k_s1,5,4,1,463.7,257.9,4,3,1,4,2,2,+1,+1,+1,+2,+1,+1,2.0603,0.2089,1.00,0.921,0.006,1.00,0.889,0.006,0.063,0.2,2.9,1.09,0.0043,0.0009,0.0021
d8_l1_h2_relu_lin_mse_800k_s2,5,4,1,406.6,335.1,4,3,1,4,2,2,+1,+1,+1,+1,+1,+2,2.0603,0.2089,0.99,0.987,0.005,1.00,0.992,0.005,0.074,1.4,0.7,1.93,0.0024,0.0010,0.0028
d8_l1_h2_relu_lin_mse_800k_s3,5,3,2,632.5,380.3,4,3,1,4,3,1,+1,+1,+1,+1,+1,+1,2.0604,0.2089,0.96,0.964,0.006,1.00,0.980,0.005,0.069,0.1,1.1,0.93,0.0048,0.0019,0.0014
d8_l1_h2_relu_lin_mse_800k_s4,4,4,0,242.1,556.6,4,3,1,4,3,1,-1,+1,+1,+1,+1,+0,2.0604,0.2089,1.00,0.958,0.006,1.00,0.969,0.006,0.138,0.1,2.6,1.06,0.0052,0.0036,0.0022
d8_l1_h4_gelu_lin_mse_800k_s0,5,4,1,847.4,753.5,4,3,1,4,2,2,+2,+1,+2,+1,+0,+2,2.0604,0.2089,0.99,0.958,0.003,0.99,0.943,0.002,0.018,0.4,1.1,1.04,0.0043,0.0022,0.0046
d8_l1_h4_gelu_lin_mse_800k_s1,6,4,2,363.9,357.2,4,3,1,4,3,1,+1,+1,+1,+1,+1,+1,2.0604,0.2089,1.00,0.981,0.019,1.00,0.982,0.020,0.028,1.8,2.2,0.39,0.0037,0.0019,0.0079
d8_l1_h4_gelu_lin_mse_800k_s2,5,4,1,319.2,363.1,4,3,1,4,4,0,+1,+1,+0,+1,+1,+0,2.0603,0.2089,1.00,0.993,0.010,1.00,0.995,0.019,0.093,1.1,3.1,0.58,0.0071,0.0012,0.0069
d8_l1_h4_gelu_lin_mse_800k_s3,5,4,1,282.0,174.6,4,3,1,4,4,0,+1,+1,+0,+1,+1,+0,2.0603,0.2089,1.00,0.998,0.011,1.00,0.995,0.015,0.153,1.0,2.1,0.42,0.0081,0.0046,0.0048
d8_l1_h4_gelu_lin_mse_800k_s4,5,4,1,444.6,598.2,4,3,1,3,2,1,+0,+1,+1,+0,+1,+1,2.0604,0.2089,1.00,0.997,0.005,1.00,0.960,0.005,0.138,0.6,2.2,0.73,0.0053,0.0017,0.0019
d8_l2_h2_gelu_lin_mse_800k_s0,4,3,1,30.7,10.1,4,3,1,3,3,0,+2,+1,+0,+2,+0,+1,2.0603,0.2089,1.00,0.997,0.006,1.00,1.000,0.007,0.314,1.1,0.9,0.59,0.1569,0.1733,0.0124
d8_l2_h2_gelu_lin_mse_800k_s1,4,3,1,19.8,37.3,4,3,1,3,3,0,-1,+1,-1,+1,+1,+0,2.0604,0.2090,1.00,0.992,0.008,1.00,0.997,0.010,0.570,3.4,3.9,0.56,0.0248,0.0192,0.0083
d8_l2_h2_gelu_lin_mse_800k_s2,4,4,0,21.7,70.2,4,3,1,3,3,0,+1,+1,+0,-1,+2,+0,2.0603,0.2089,1.00,0.989,0.006,1.00,0.988,0.007,0.265,7.1,3.8,0.69,0.1445,0.1786,0.0097
d8_l2_h2_gelu_lin_mse_800k_s3,3,2,1,13.1,12.6,4,3,1,2,3,-1,-1,+1,-3,+2,+0,+0,2.0603,0.2090,1.00,0.993,0.002,1.00,0.994,0.004,0.544,5.8,4.8,0.17,0.1965,0.2012,0.0084
d8_l2_h2_gelu_lin_mse_800k_s4,4,2,2,33.3,10.2,4,3,1,5,3,2,+2,+1,+3,+1,+1,+3,2.0604,0.2089,0.81,0.816,0.002,0.88,0.817,0.002,0.089,2.5,6.1,0.69,0.0164,0.0084,0.0037
