name,role,family,d,steps,out,loss,seed,params,median,max_bulk,max,L,p_L,openness,excess,ramp_dev,pc1_pearson,pc1_spearman,dissoc,dec_R2,dec_M,dec_esinM,library_resid_med,mlp_factor,register_share,register_cos_weff,register_surv_esinM,register_steer_half_corr,register_steer_half_med,register_vs_e0_corr,register_vs_e0_med,register_read_write_cos
d4_l1_h2_gelu_lin_mse_25k_s0,scaling,1,4,25000,linear,mse,0,385,0.01343,0.1907,0.2475,0.521,7.151082059279564e-05,3.67,0.002,0.026,0.999,1.0,single,0.998,0.973,0.706,0.03303,41,0.973,0.369,0.005,0.9998,0.02615,0.9994,0.04515,0.95
d4_l1_h2_gelu_lin_mse_25k_s1,scaling,1,4,25000,linear,mse,1,385,0.009953,0.1178,0.2637,0.579,9.948958585730485e-06,3.51,0.009,0.052,0.986,1.0,distributed,0.998,0.975,0.715,0.0323,75,0.93,0.061,-0.057,0.9997,0.03058,0.9986,0.07169,0.991
d4_l1_h2_gelu_lin_mse_25k_s2,scaling,1,4,25000,linear,mse,2,385,0.01456,0.1962,0.2412,0.505,0.00011689081637414534,2.1,0.039,0.079,0.858,0.842,double,0.998,0.964,0.665,0.03557,84,0.983,0.095,0.044,0.9999,0.01713,0.9999,0.0414,0.987
d4_l1_h2_gelu_lin_mse_25k_s3,scaling,1,4,25000,linear,mse,3,385,0.02326,0.3419,0.3419,0.563,1.776744239109152e-05,2.56,0.0,0.083,0.942,0.927,double,0.998,0.968,0.694,0.03684,55,0.997,0.864,-0.001,0.9999,0.01834,0.9999,0.03236,0.169
d4_l1_h2_gelu_lin_mse_25k_s4,scaling,1,4,25000,linear,mse,4,385,0.01205,0.1741,0.2975,0.712,2.7574309211212074e-08,4.1,0.032,0.025,0.98,0.976,distributed,0.998,0.981,0.733,0.03421,56,0.968,0.379,-0.011,0.9997,0.02377,0.9996,0.03937,0.797
d4_l1_h2_gelu_lin_mse_50k_s0,scaling,1,4,50000,linear,mse,0,385,0.008913,0.136,0.1755,0.561,1.8794258288206175e-05,4.33,0.192,0.019,0.897,1.0,single,0.998,0.979,0.732,0.03148,94,0.985,0.363,0.019,0.9999,0.02151,0.9997,0.04552,0.984
d4_l1_h2_gelu_lin_mse_50k_s1,scaling,1,4,50000,linear,mse,1,385,0.008543,0.1257,0.2168,0.589,6.870477890055879e-06,4.29,0.089,0.043,0.947,1.0,single,0.998,0.977,0.724,0.03128,94,0.934,0.01,-0.073,0.9996,0.03798,0.9986,0.07002,0.958
d4_l1_h2_gelu_lin_mse_50k_s2,scaling,1,4,50000,linear,mse,2,385,0.01192,0.1479,0.2439,0.547,3.083814003899941e-05,2.92,0.259,0.031,0.814,0.709,double,0.998,0.971,0.693,0.03371,100,0.995,0.171,0.026,1.0,0.01362,0.9999,0.02908,0.972
d4_l1_h2_gelu_lin_mse_50k_s3,scaling,1,4,50000,linear,mse,3,385,0.01678,0.2594,0.2774,0.63,1.3847292412297544e-06,2.98,0.006,0.07,0.978,0.988,double,0.998,0.97,0.702,0.0343,45,0.997,0.783,-0.007,0.9999,0.01436,0.9999,0.02019,0.295
d4_l1_h2_gelu_lin_mse_50k_s4,scaling,1,4,50000,linear,mse,4,385,0.00847,0.1351,0.2137,0.773,6.601111237430161e-10,5.26,0.005,0.018,0.994,1.0,distributed,0.998,0.978,0.723,0.03202,82,0.915,0.195,0.011,0.9997,0.0297,0.9994,0.05711,0.832
d4_l1_h2_gelu_lin_mse_100k_s0,scaling,1,4,100000,linear,mse,0,385,0.00658,0.1343,0.155,0.729,1.0886829367856705e-08,5.54,0.055,0.013,0.97,1.0,single,0.998,0.984,0.748,0.02991,166,0.976,0.397,0.003,0.9998,0.02354,0.9996,0.03109,0.991
d4_l1_h2_gelu_lin_mse_100k_s1,scaling,1,4,100000,linear,mse,1,385,0.00757,0.1271,0.2252,0.641,8.429144478161614e-07,5.03,0.061,0.032,0.962,1.0,single,0.998,0.978,0.727,0.02989,113,0.918,0.021,-0.077,0.9996,0.03417,0.9987,0.06337,0.957
d4_l1_h2_gelu_lin_mse_100k_s2,scaling,1,4,100000,linear,mse,2,385,0.008279,0.1008,0.2757,0.603,3.996983269863296e-06,3.89,0.252,0.025,0.839,0.782,double,0.998,0.981,0.734,0.03058,161,0.997,0.32,0.009,1.0,0.01217,1.0,0.02137,0.837
d4_l1_h2_gelu_lin_mse_100k_s3,scaling,1,4,100000,linear,mse,3,385,0.01229,0.1519,0.2856,0.84,2.590907977669905e-12,4.53,0.019,0.052,0.987,1.0,double,0.998,0.971,0.698,0.03081,36,0.999,0.568,-0.006,1.0,0.006115,1.0,0.005013,0.083
d4_l1_h2_gelu_lin_mse_100k_s4,scaling,1,4,100000,linear,mse,4,385,0.00801,0.1321,0.1948,0.836,4.0534850256365424e-12,6.11,0.001,0.015,0.998,1.0,distributed,0.998,0.98,0.733,0.03188,101,0.911,0.117,0.029,0.9996,0.03174,0.9991,0.05933,0.777
d4_l1_h2_gelu_lin_mse_200k_s0,scaling,1,4,200000,linear,mse,0,385,0.005558,0.1236,0.161,0.731,9.285707241574487e-09,5.89,0.094,0.016,0.952,1.0,single,0.998,0.984,0.747,0.02872,175,0.988,0.307,0.006,0.9999,0.01798,0.9998,0.03062,0.976
d4_l1_h2_gelu_lin_mse_200k_s1,scaling,1,4,200000,linear,mse,1,385,0.007084,0.119,0.1796,0.615,2.5699034639197432e-06,5.41,0.162,0.044,0.911,1.0,single,0.998,0.98,0.734,0.03047,132,0.932,0.394,-0.059,0.9997,0.04767,0.9986,0.07249,0.996
d4_l1_h2_gelu_lin_mse_200k_s2,scaling,1,4,200000,linear,mse,2,385,0.006861,0.09595,0.274,0.626,1.5878644135812283e-06,4.24,0.231,0.027,0.86,0.879,double,0.998,0.986,0.757,0.02833,291,0.997,0.324,0.002,1.0,0.01089,1.0,0.0253,0.747
d4_l1_h2_gelu_lin_mse_200k_s3,scaling,1,4,200000,linear,mse,3,385,0.01057,0.1753,0.2454,0.882,2.0963236803258482e-14,6.65,0.018,0.067,0.965,1.0,double,0.998,0.976,0.72,0.0311,34,0.999,0.155,-0.007,1.0,0.004664,1.0,0.006224,0.827
d4_l1_h2_gelu_lin_mse_200k_s4,scaling,1,4,200000,linear,mse,4,385,0.007636,0.1193,0.1639,0.934,1.9500887398502042e-18,7.65,0.004,0.019,0.998,1.0,distributed,0.998,0.981,0.735,0.03208,116,0.93,0.024,0.026,0.9996,0.03495,0.999,0.06322,0.773
d4_l1_h2_gelu_lin_mse_400k_s0,scaling,1,4,400000,linear,mse,0,385,0.005923,0.07784,0.2088,0.843,2.0290797768532545e-12,6.43,0.016,0.02,0.988,1.0,single,0.998,0.983,0.746,0.0297,167,0.996,0.158,0.018,0.9999,0.01896,0.9998,0.03326,0.999
d4_l1_h2_gelu_lin_mse_400k_s1,scaling,1,4,400000,linear,mse,1,385,0.006839,0.1175,0.1749,0.598,4.843868773366048e-06,5.99,0.256,0.055,0.859,1.0,single,0.998,0.979,0.731,0.03044,126,0.93,0.258,-0.068,0.9996,0.04545,0.9987,0.06793,0.988
d4_l1_h2_gelu_lin_mse_400k_s2,scaling,1,4,400000,linear,mse,2,385,0.006735,0.09172,0.2643,0.688,9.567774026744214e-08,4.63,0.096,0.02,0.945,0.988,double,0.998,0.986,0.76,0.02783,356,0.994,0.358,-0.001,1.0,0.01331,0.9999,0.02798,0.856
d4_l1_h2_gelu_lin_mse_400k_s3,scaling,1,4,400000,linear,mse,3,385,0.0113,0.1485,0.2559,0.904,8.397817891153466e-16,7.6,0.003,0.059,0.972,1.0,distributed,0.998,0.974,0.708,0.03038,29,0.998,0.137,-0.008,1.0,0.003937,1.0,0.004704,0.867
d4_l1_h2_gelu_lin_mse_400k_s4,scaling,1,4,400000,linear,mse,4,385,0.006313,0.105,0.1552,0.934,2.3133645783775533e-18,8.13,0.016,0.018,0.989,1.0,distributed,0.998,0.982,0.743,0.03034,97,0.969,0.035,-0.008,0.9998,0.02578,0.9996,0.03406,0.789
d4_l1_h2_gelu_lin_mse_800k_s0,scaling,1,4,800000,linear,mse,0,385,0.00592,0.1549,0.1652,0.881,2.3266318859284158e-14,7.12,0.021,0.003,0.989,1.0,single,0.998,0.984,0.748,0.02964,170,0.997,0.206,0.006,1.0,0.0188,0.9999,0.04289,0.989
d4_l1_h2_gelu_lin_mse_800k_s1,scaling,1,4,800000,linear,mse,1,385,0.006582,0.1479,0.1934,0.565,1.642934097569668e-05,6.28,0.363,0.074,0.795,1.0,single,0.998,0.98,0.733,0.03004,116,0.956,0.282,-0.061,0.9997,0.03943,0.9989,0.0557,0.99
d4_l1_h2_gelu_lin_mse_800k_s2,scaling,1,4,800000,linear,mse,2,385,0.005727,0.06615,0.2302,0.665,2.9272638784011e-07,5.4,0.065,0.052,0.966,1.0,double,0.998,0.986,0.761,0.02667,382,0.996,0.083,-0.012,1.0,0.008813,1.0,0.02353,0.844
d4_l1_h2_gelu_lin_mse_800k_s3,scaling,1,4,800000,linear,mse,3,385,0.009316,0.1183,0.2272,0.916,1.0332695358243607e-16,7.62,0.0,0.05,0.986,1.0,distributed,0.998,0.977,0.718,0.03098,68,0.97,0.262,-0.013,1.0,0.007498,0.9999,0.01709,0.999
d4_l1_h2_gelu_lin_mse_800k_s4,scaling,1,4,800000,linear,mse,4,385,0.005479,0.1074,0.161,0.931,4.307173738307306e-18,7.8,0.002,0.006,0.99,1.0,distributed,0.998,0.983,0.75,0.02944,132,0.873,0.125,-0.068,0.9994,0.0765,0.9972,0.1051,0.936
d8_l1_h2_gelu_lin_mse_25k_s0,scaling,1,8,25000,linear,mse,0,1153,0.004693,0.1466,0.1557,0.426,1.0915501510029482e-05,3.1,0.005,0.038,0.932,0.915,single,0.998,0.986,0.758,0.02897,136,0.932,0.376,-0.099,0.9996,0.04299,0.9985,0.06987,0.996
d8_l1_h2_gelu_lin_mse_25k_s1,scaling,1,8,25000,linear,mse,1,1153,0.003903,0.1215,0.1256,0.471,1.0999398603236782e-06,4.62,0.461,0.099,0.724,1.0,double,0.998,0.984,0.751,0.02828,111,0.934,0.259,-0.041,0.9995,0.0421,0.999,0.06512,0.997
d8_l1_h2_gelu_lin_mse_25k_s2,scaling,1,8,25000,linear,mse,2,1153,0.006542,0.1213,0.1852,0.581,1.0980399343857813e-09,3.51,0.122,0.033,0.933,0.867,double,0.998,0.983,0.742,0.02859,102,0.941,0.514,0.152,0.9991,0.03605,0.9977,0.04761,0.999
d8_l1_h2_gelu_lin_mse_25k_s3,scaling,1,8,25000,linear,mse,3,1153,0.004827,0.1011,0.1514,0.383,8.446917615916063e-05,2.28,0.005,0.06,0.917,0.964,distributed,0.998,0.986,0.757,0.02826,121,0.918,0.144,0.185,0.9988,0.1,0.9939,0.197,0.99
d8_l1_h2_gelu_lin_mse_25k_s4,scaling,1,8,25000,linear,mse,4,1153,0.006511,0.1646,0.2667,0.5,2.0953772394918415e-07,2.63,0.048,0.037,0.966,0.964,single,0.998,0.982,0.741,0.02896,57,0.96,0.473,0.067,0.9999,0.03419,0.9993,0.09584,0.97
d8_l1_h2_gelu_lin_mse_50k_s0,scaling,1,8,50000,linear,mse,0,1153,0.003685,0.09629,0.1254,0.537,2.2211600413325432e-08,3.38,0.071,0.007,0.934,0.952,single,0.998,0.987,0.761,0.02814,182,0.906,0.334,-0.109,0.9996,0.03665,0.9985,0.06926,0.988
d8_l1_h2_gelu_lin_mse_50k_s1,scaling,1,8,50000,linear,mse,1,1153,0.002897,0.09081,0.1097,0.485,4.876848288367343e-07,4.97,0.461,0.093,0.728,0.964,double,0.998,0.986,0.758,0.02774,140,0.93,0.29,-0.039,0.9996,0.03645,0.9992,0.06027,0.998
d8_l1_h2_gelu_lin_mse_50k_s2,scaling,1,8,50000,linear,mse,2,1153,0.004028,0.09978,0.1441,0.601,2.6644584427127476e-10,3.87,0.038,0.038,0.973,0.988,double,0.998,0.987,0.76,0.02709,250,0.872,0.594,0.161,0.9995,0.0415,0.9971,0.05479,1.0
d8_l1_h2_gelu_lin_mse_50k_s3,scaling,1,8,50000,linear,mse,3,1153,0.003846,0.09231,0.1487,0.444,4.500013731061405e-06,2.61,0.186,0.043,-0.87,-0.867,distributed,0.998,0.987,0.762,0.02748,171,0.9,0.075,0.089,0.999,0.08892,0.9955,0.182,0.978
d8_l1_h2_gelu_lin_mse_50k_s4,scaling,1,8,50000,linear,mse,4,1153,0.004686,0.1492,0.2109,0.594,4.453026611062219e-10,3.32,0.003,0.022,0.995,1.0,single,0.998,0.986,0.755,0.02788,169,0.951,0.398,0.042,0.9998,0.03179,0.9993,0.08925,0.891
d8_l1_h2_gelu_lin_mse_100k_s0,scaling,1,8,100000,linear,mse,0,1153,0.002744,0.06177,0.1082,0.64,1.1061059641063019e-11,3.92,0.036,0.021,0.977,0.988,distributed,0.998,0.988,0.764,0.02767,260,0.876,0.379,-0.109,0.9996,0.03734,0.9982,0.08005,0.999
d8_l1_h2_gelu_lin_mse_100k_s1,scaling,1,8,100000,linear,mse,1,1153,0.002344,0.07468,0.1103,0.479,6.77012812149816e-07,4.93,0.442,0.107,0.733,1.0,double,0.998,0.987,0.762,0.02728,232,0.901,0.311,-0.063,0.9996,0.03482,0.9993,0.05788,0.998
d8_l1_h2_gelu_lin_mse_100k_s2,scaling,1,8,100000,linear,mse,2,1153,0.002983,0.06691,0.1117,0.572,2.1364017171452913e-09,3.6,0.048,0.017,0.975,0.988,double,0.998,0.988,0.764,0.02721,335,0.937,0.311,0.19,0.9997,0.03728,0.9982,0.06894,1.0
d8_l1_h2_gelu_lin_mse_100k_s3,scaling,1,8,100000,linear,mse,3,1153,0.002637,0.101,0.1199,0.507,1.3743889676734283e-07,3.19,0.125,0.025,-0.92,-0.927,distributed,0.998,0.988,0.768,0.02697,273,0.891,0.016,0.011,0.9992,0.0761,0.9964,0.1698,0.986
d8_l1_h2_gelu_lin_mse_100k_s4,scaling,1,8,100000,linear,mse,4,1153,0.003247,0.09993,0.1482,0.667,1.0219940131711988e-12,3.86,0.001,0.018,0.997,1.0,single,0.998,0.987,0.762,0.02709,260,0.955,0.403,0.056,0.9999,0.02397,0.9995,0.06545,0.931
d8_l1_h2_gelu_lin_mse_200k_s0,scaling,1,8,200000,linear,mse,0,1153,0.002271,0.05647,0.07918,0.741,4.428968938413862e-16,4.71,0.003,0.017,0.997,1.0,distributed,0.998,0.988,0.765,0.0275,291,0.874,0.339,-0.101,0.9996,0.03988,0.9983,0.08633,0.999
d8_l1_h2_gelu_lin_mse_200k_s1,scaling,1,8,200000,linear,mse,1,1153,0.002183,0.08724,0.122,0.521,5.795540431990822e-08,4.54,0.259,0.088,0.841,1.0,double,0.998,0.988,0.764,0.02713,281,0.887,0.373,-0.076,0.9996,0.03759,0.9992,0.06376,0.999
d8_l1_h2_gelu_lin_mse_200k_s2,scaling,1,8,200000,linear,mse,2,1153,0.002328,0.05064,0.103,0.574,1.7833602152869537e-09,3.7,0.005,0.021,0.994,1.0,double,0.998,0.988,0.766,0.02687,437,0.906,0.257,0.132,0.9998,0.03321,0.9989,0.05471,1.0
d8_l1_h2_gelu_lin_mse_200k_s3,scaling,1,8,200000,linear,mse,3,1153,0.002007,0.09763,0.0978,0.58,1.1787639001365367e-09,4.04,0.012,0.008,-0.982,-0.988,single,0.998,0.988,0.767,0.02708,291,0.899,0.084,-0.068,0.9993,0.05816,0.9968,0.1411,0.997
d8_l1_h2_gelu_lin_mse_200k_s4,scaling,1,8,200000,linear,mse,4,1153,0.002568,0.07639,0.1002,0.714,9.471788871161853e-15,4.68,0.001,0.02,0.996,1.0,single,0.998,0.988,0.766,0.02749,341,0.945,0.241,0.107,0.9999,0.01928,0.9995,0.04493,0.973
d8_l1_h2_gelu_lin_mse_400k_s0,scaling,1,8,400000,linear,mse,0,1153,0.001993,0.0453,0.07298,0.775,5.57157854164345e-18,4.85,0.005,0.012,-0.995,-1.0,distributed,0.998,0.988,0.767,0.02727,434,0.868,0.404,-0.104,0.9997,0.03288,0.9989,0.07344,0.997
d8_l1_h2_gelu_lin_mse_400k_s1,scaling,1,8,400000,linear,mse,1,1153,0.002242,0.08458,0.1227,0.514,9.277667544904502e-08,3.79,0.057,0.021,0.935,1.0,double,0.998,0.988,0.765,0.02687,367,0.9,0.441,-0.112,0.9997,0.04067,0.999,0.0648,1.0
d8_l1_h2_gelu_lin_mse_400k_s2,scaling,1,8,400000,linear,mse,2,1153,0.002019,0.04697,0.1013,0.597,3.397938604413121e-10,3.79,0.001,0.033,0.993,1.0,double,0.998,0.988,0.767,0.02701,526,0.887,0.261,0.172,0.9998,0.03492,0.9988,0.06368,1.0
d8_l1_h2_gelu_lin_mse_400k_s3,scaling,1,8,400000,linear,mse,3,1153,0.001837,0.06962,0.08812,0.572,2.141795042823281e-09,4.02,0.013,0.012,-0.978,-0.988,distributed,0.998,0.988,0.767,0.02707,274,0.943,0.059,-0.082,0.9996,0.03584,0.9983,0.08133,0.996
d8_l1_h2_gelu_lin_mse_400k_s4,scaling,1,8,400000,linear,mse,4,1153,0.002214,0.06177,0.08365,0.743,3.4747357673639635e-16,4.87,0.0,0.007,0.999,1.0,single,0.998,0.988,0.767,0.02723,369,0.934,0.236,0.098,0.9999,0.02111,0.9996,0.048,0.993
d8_l1_h2_gelu_lin_mse_800k_s0,scaling,1,8,800000,linear,mse,0,1153,0.001533,0.03111,0.08648,0.837,2.2827934719146478e-22,5.61,0.0,0.016,-0.995,-1.0,single,0.998,0.988,0.767,0.027,400,0.939,0.044,-0.064,0.9998,0.02523,0.9991,0.05778,0.981
d8_l1_h2_gelu_lin_mse_800k_s1,scaling,1,8,800000,linear,mse,1,1153,0.002009,0.06221,0.06517,0.433,7.882107795819066e-06,3.06,0.004,0.043,0.966,0.988,distributed,0.998,0.988,0.767,0.02705,437,0.911,0.32,-0.113,0.9997,0.04057,0.9991,0.05577,0.999
d8_l1_h2_gelu_lin_mse_800k_s2,scaling,1,8,800000,linear,mse,2,1153,0.001775,0.05228,0.07309,0.535,2.4904927641786535e-08,3.2,0.0,0.042,0.995,1.0,double,0.998,0.989,0.768,0.02719,488,0.912,0.065,0.134,0.9999,0.01963,0.9995,0.03753,0.983
d8_l1_h2_gelu_lin_mse_800k_s3,scaling,1,8,800000,linear,mse,3,1153,0.001854,0.04563,0.07883,0.431,8.477590256462199e-06,3.54,0.296,0.056,-0.819,-0.879,distributed,0.998,0.988,0.767,0.02673,559,0.954,0.174,-0.032,0.9999,0.01785,0.9996,0.03674,0.991
d8_l1_h2_gelu_lin_mse_800k_s4,scaling,1,8,800000,linear,mse,4,1153,0.001962,0.05989,0.07094,0.681,2.974566136257544e-13,4.86,0.002,0.013,0.997,1.0,single,0.998,0.988,0.767,0.02697,405,0.971,0.045,0.086,1.0,0.01888,0.9997,0.04447,0.968
d16_l1_h2_gelu_lin_mse_25k_s0,scaling,1,16,25000,linear,mse,0,3841,0.004326,0.08774,0.1604,0.383,7.053640738547474e-08,2.07,0.0,0.01,-0.878,-0.794,distributed,0.998,0.988,0.763,0.02671,223,0.785,0.513,0.349,0.9991,0.04862,0.9971,0.07971,0.995
d16_l1_h2_gelu_lin_mse_25k_s1,scaling,1,16,25000,linear,mse,1,3841,0.002969,0.07116,0.1084,0.578,3.282660022953127e-17,4.56,0.223,0.088,-0.873,-1.0,double,0.998,0.988,0.765,0.02748,263,0.949,0.247,0.014,0.9993,0.04945,0.9972,0.1037,0.994
d16_l1_h2_gelu_lin_mse_25k_s2,scaling,1,16,25000,linear,mse,2,3841,0.002792,0.07161,0.1004,0.574,5.848420313230257e-17,2.76,0.009,0.014,0.982,1.0,distributed,0.998,0.988,0.766,0.02727,113,0.911,0.204,0.208,0.9997,0.02432,0.9986,0.06563,0.999
d16_l1_h2_gelu_lin_mse_25k_s3,scaling,1,16,25000,linear,mse,3,3841,0.003005,0.09055,0.09515,0.652,3.3163916945845337e-22,3.68,0.005,0.01,0.994,1.0,double,0.998,0.988,0.766,0.02728,102,0.976,0.076,-0.006,0.9996,0.04299,0.9985,0.08954,0.997
d16_l1_h2_gelu_lin_mse_25k_s4,scaling,1,16,25000,linear,mse,4,3841,0.002783,0.06978,0.111,0.498,7.534874457853452e-13,3.63,0.255,0.059,-0.84,-0.988,double,0.998,0.988,0.766,0.02705,132,0.925,0.029,0.117,0.9992,0.05828,0.9959,0.1305,0.996
d16_l1_h2_gelu_lin_mse_50k_s0,scaling,1,16,50000,linear,mse,0,3841,0.002571,0.08266,0.1439,0.407,8.615691063820199e-09,2.26,0.001,0.037,-0.9,-0.83,distributed,0.998,0.988,0.767,0.02686,372,0.8,0.375,0.328,0.9996,0.03262,0.9983,0.05088,0.992
d16_l1_h2_gelu_lin_mse_50k_s1,scaling,1,16,50000,linear,mse,1,3841,0.002238,0.06676,0.09139,0.594,3.2496834848685028e-18,4.34,0.125,0.076,-0.933,-1.0,double,0.998,0.988,0.767,0.02742,297,0.952,0.219,0.002,0.9994,0.04196,0.9973,0.0976,0.996
d16_l1_h2_gelu_lin_mse_50k_s2,scaling,1,16,50000,linear,mse,2,3841,0.002093,0.05839,0.06296,0.572,7.400150979628113e-17,2.87,0.01,0.017,0.98,1.0,distributed,0.998,0.988,0.768,0.02703,160,0.917,0.247,0.131,0.9998,0.01937,0.9992,0.04813,0.997
d16_l1_h2_gelu_lin_mse_50k_s3,scaling,1,16,50000,linear,mse,3,3841,0.001649,0.0595,0.06964,0.581,2.225219509517721e-17,3.56,0.003,0.005,-0.985,-1.0,double,0.998,0.988,0.767,0.02718,176,0.983,0.006,-0.004,0.9998,0.02532,0.9994,0.05298,1.0
d16_l1_h2_gelu_lin_mse_50k_s4,scaling,1,16,50000,linear,mse,4,3841,0.002088,0.05952,0.09064,0.456,7.815588210797984e-11,3.35,0.217,0.049,-0.856,-0.964,double,0.998,0.988,0.767,0.02707,158,0.931,0.036,0.089,0.9991,0.06225,0.9958,0.1435,0.995
d16_l1_h2_gelu_lin_mse_100k_s0,scaling,1,16,100000,linear,mse,0,3841,0.00172,0.04083,0.07403,0.441,3.2497835356565384e-10,2.36,0.0,0.047,0.932,0.891,single,0.998,0.989,0.768,0.02667,444,0.853,0.321,0.293,0.9998,0.03038,0.9987,0.04884,0.987
d16_l1_h2_gelu_lin_mse_100k_s1,scaling,1,16,100000,linear,mse,1,3841,0.001708,0.0344,0.06216,0.673,8.029987336473039e-24,4.55,0.07,0.067,-0.963,-1.0,double,0.998,0.988,0.767,0.02742,299,0.959,0.179,-0.021,0.9995,0.03857,0.9976,0.09032,0.996
d16_l1_h2_gelu_lin_mse_100k_s2,scaling,1,16,100000,linear,mse,2,3841,0.001581,0.0479,0.0515,0.587,9.232116885580024e-18,3.03,0.018,0.016,0.979,1.0,double,0.998,0.988,0.768,0.02685,232,0.932,0.263,0.09,0.9999,0.01606,0.9995,0.04188,0.998
d16_l1_h2_gelu_lin_mse_100k_s3,scaling,1,16,100000,linear,mse,3,3841,0.00124,0.04312,0.05799,0.563,2.6994883440138527e-16,3.41,0.018,0.019,-0.969,-0.988,double,0.998,0.988,0.768,0.02699,243,0.984,0.052,0.003,0.9999,0.01842,0.9996,0.0421,1.0
d16_l1_h2_gelu_lin_mse_100k_s4,scaling,1,16,100000,linear,mse,4,3841,0.001685,0.0456,0.07336,0.466,2.7027595343492165e-11,3.24,0.028,0.045,-0.962,-1.0,single,0.998,0.988,0.768,0.02711,221,0.93,0.017,0.051,0.9991,0.07021,0.9951,0.1632,1.0
d16_l1_h2_gelu_lin_mse_200k_s0,scaling,1,16,200000,linear,mse,0,3841,0.001255,0.03748,0.05223,0.509,2.2032500610686524e-13,2.65,0.001,0.05,0.963,0.952,distributed,0.998,0.989,0.769,0.02695,295,0.888,0.225,0.247,0.9998,0.02135,0.9992,0.04145,0.992
d16_l1_h2_gelu_lin_mse_200k_s1,scaling,1,16,200000,linear,mse,1,3841,0.001281,0.03338,0.05266,0.752,2.9853273670731284e-31,5.14,0.049,0.059,-0.975,-1.0,double,0.998,0.988,0.768,0.02721,358,0.968,0.107,-0.047,0.9996,0.03381,0.9983,0.08534,0.996
d16_l1_h2_gelu_lin_mse_200k_s2,scaling,1,16,200000,linear,mse,2,3841,0.00106,0.0262,0.04545,0.59,5.810945662195354e-18,3.21,0.02,0.021,0.977,1.0,double,0.998,0.988,0.768,0.02697,381,0.932,0.169,0.048,0.9999,0.01483,0.9997,0.03153,1.0
d16_l1_h2_gelu_lin_mse_200k_s3,scaling,1,16,200000,linear,mse,3,3841,0.0009559,0.0319,0.0455,0.559,4.535231682546527e-16,3.2,0.041,0.028,0.961,0.952,double,0.998,0.988,0.768,0.02687,383,0.988,0.012,0.008,0.9999,0.0168,0.9996,0.03738,1.0
d16_l1_h2_gelu_lin_mse_200k_s4,scaling,1,16,200000,linear,mse,4,3841,0.001354,0.03954,0.05803,0.489,2.2090930511469493e-12,3.46,0.085,0.053,-0.945,-1.0,distributed,0.998,0.988,0.768,0.02718,334,0.945,0.0,0.005,0.9991,0.06823,0.9952,0.1562,1.0
d16_l1_h2_gelu_lin_mse_400k_s0,scaling,1,16,400000,linear,mse,0,3841,0.001066,0.03058,0.05401,0.572,7.306188815432663e-17,2.84,0.0,0.049,-0.973,-0.976,distributed,0.998,0.989,0.768,0.02704,259,0.896,0.15,0.202,0.9999,0.02121,0.9993,0.0421,0.996
d16_l1_h2_gelu_lin_mse_400k_s1,scaling,1,16,400000,linear,mse,1,3841,0.001126,0.01823,0.04136,0.791,8.62400674207858e-36,5.08,0.016,0.043,-0.991,-1.0,double,0.998,0.988,0.768,0.02704,371,0.976,0.047,-0.067,0.9998,0.02611,0.9992,0.0734,1.0
d16_l1_h2_gelu_lin_mse_400k_s2,scaling,1,16,400000,linear,mse,2,3841,0.0007944,0.02119,0.03221,0.583,1.669487022541763e-17,3.1,0.035,0.013,0.977,1.0,double,0.998,0.989,0.768,0.02693,557,0.942,0.068,0.055,0.9999,0.0154,0.9997,0.0318,1.0
d16_l1_h2_gelu_lin_mse_400k_s3,scaling,1,16,400000,linear,mse,3,3841,0.0007547,0.03162,0.05675,0.545,2.5648098597897985e-15,2.89,0.073,0.039,0.936,0.891,double,0.998,0.988,0.768,0.02688,501,0.991,0.086,0.012,0.9999,0.01515,0.9997,0.03425,1.0
d16_l1_h2_gelu_lin_mse_400k_s4,scaling,1,16,400000,linear,mse,4,3841,0.001135,0.02694,0.05801,0.533,1.182144904112473e-14,3.91,0.126,0.039,-0.928,-1.0,distributed,0.998,0.988,0.768,0.02694,469,0.938,0.073,-0.091,0.9993,0.05587,0.9966,0.1262,0.997
d16_l1_h2_gelu_lin_mse_800k_s0,scaling,1,16,800000,linear,mse,0,3841,0.0008917,0.02156,0.0437,0.578,3.185706228243519e-17,3.04,0.009,0.044,-0.978,-0.988,distributed,0.998,0.989,0.768,0.0269,485,0.933,0.109,0.081,0.9999,0.01198,0.9996,0.02877,0.994
d16_l1_h2_gelu_lin_mse_800k_s1,scaling,1,16,800000,linear,mse,1,3841,0.0007761,0.01704,0.03266,0.776,6.8875350662214e-34,4.78,0.003,0.009,0.996,1.0,double,0.998,0.988,0.768,0.02701,799,0.986,0.004,-0.052,0.9999,0.01389,0.9997,0.0415,1.0
d16_l1_h2_gelu_lin_mse_800k_s2,scaling,1,16,800000,linear,mse,2,3841,0.0006806,0.02096,0.04107,0.567,1.5273417396056266e-16,3.05,0.053,0.028,0.963,0.964,double,0.998,0.988,0.768,0.02702,710,0.948,0.014,0.078,0.9999,0.01208,0.9997,0.03049,1.0
d16_l1_h2_gelu_lin_mse_800k_s3,scaling,1,16,800000,linear,mse,3,3841,0.0005574,0.01283,0.03239,0.492,1.516742783350271e-12,2.51,0.025,0.014,-0.923,-0.891,double,0.998,0.988,0.768,0.02692,792,0.993,0.102,0.014,0.9999,0.01067,0.9998,0.02423,0.999
d16_l1_h2_gelu_lin_mse_800k_s4,scaling,1,16,800000,linear,mse,4,3841,0.0009691,0.03551,0.04227,0.496,1.005903810493597e-12,3.63,0.048,0.03,-0.97,-1.0,single,0.998,0.988,0.768,0.02709,490,0.938,0.082,-0.012,0.9996,0.04025,0.9971,0.09742,0.996
d32_l1_h2_gelu_lin_mse_25k_s0,scaling,1,32,25000,linear,mse,0,13825,0.002258,0.0692,0.07949,0.403,2.138956372360039e-15,1.95,0.003,0.057,0.96,0.988,double,0.998,0.988,0.765,0.02689,276,0.963,0.131,0.164,0.9997,0.02573,0.9984,0.04601,0.997
d32_l1_h2_gelu_lin_mse_25k_s1,scaling,1,32,25000,linear,mse,1,13825,0.00217,0.06768,0.1071,0.549,6.357628457180123e-29,2.51,0.013,0.029,0.987,1.0,double,0.998,0.988,0.766,0.02697,274,0.799,0.025,0.095,0.9998,0.025,0.9992,0.04579,1.0
d32_l1_h2_gelu_lin_mse_25k_s2,scaling,1,32,25000,linear,mse,2,13825,0.00227,0.06726,0.07569,0.507,1.6529661767476775e-24,2.32,0.012,0.04,0.97,1.0,double,0.998,0.988,0.765,0.02703,168,0.927,0.261,0.059,0.9999,0.02009,0.9995,0.06114,1.0
d32_l1_h2_gelu_lin_mse_25k_s3,scaling,1,32,25000,linear,mse,3,13825,0.00139,0.05091,0.0779,0.382,8.643405240076534e-14,1.93,0.111,0.07,0.85,0.733,double,0.998,0.988,0.767,0.02695,225,0.973,0.247,0.052,0.9999,0.01696,0.9995,0.04953,1.0
d32_l1_h2_gelu_lin_mse_25k_s4,scaling,1,32,25000,linear,mse,4,13825,0.001321,0.06287,0.07333,0.402,3.029417377142906e-15,1.91,0.107,0.027,0.855,0.709,double,0.998,0.988,0.768,0.02717,242,0.968,0.045,0.056,0.9999,0.01715,0.9995,0.04575,1.0
d32_l1_h2_gelu_lin_mse_50k_s0,scaling,1,32,50000,linear,mse,0,13825,0.001208,0.03994,0.06494,0.357,4.9362377656150866e-12,1.84,0.023,0.051,0.929,0.952,double,0.998,0.988,0.767,0.02682,542,0.914,0.013,0.171,0.9997,0.02774,0.9983,0.05372,0.998
d32_l1_h2_gelu_lin_mse_50k_s1,scaling,1,32,50000,linear,mse,1,13825,0.001464,0.04058,0.05824,0.56,3.456611711058395e-30,2.71,0.01,0.017,0.988,1.0,double,0.998,0.988,0.767,0.0272,360,0.755,0.018,0.055,0.9998,0.02367,0.9993,0.04306,1.0
d32_l1_h2_gelu_lin_mse_50k_s2,scaling,1,32,50000,linear,mse,2,13825,0.001387,0.03171,0.04257,0.521,6.17617632633228e-26,2.39,0.018,0.032,0.967,1.0,double,0.998,0.988,0.767,0.02688,297,0.915,0.219,0.05,0.9999,0.01893,0.9996,0.04665,1.0
d32_l1_h2_gelu_lin_mse_50k_s3,scaling,1,32,50000,linear,mse,3,13825,0.0007907,0.03533,0.04234,0.379,1.5890828707743187e-13,1.99,0.038,0.062,0.831,0.733,double,0.998,0.988,0.768,0.02686,330,0.951,0.207,0.067,0.9999,0.01597,0.9995,0.04584,1.0
d32_l1_h2_gelu_lin_mse_50k_s4,scaling,1,32,50000,linear,mse,4,13825,0.0008921,0.03842,0.05365,0.382,8.249058395211501e-14,1.92,0.025,0.024,0.833,0.697,double,0.998,0.988,0.768,0.02692,368,0.97,0.062,0.063,0.9999,0.01503,0.9996,0.03998,1.0
d32_l1_h2_gelu_lin_mse_100k_s0,scaling,1,32,100000,linear,mse,0,13825,0.0006911,0.0243,0.04071,0.338,1.0459413385256929e-10,1.85,0.097,0.053,0.885,0.842,double,0.998,0.988,0.768,0.02682,1082,0.903,0.182,0.142,0.9998,0.0196,0.999,0.04011,0.998
d32_l1_h2_gelu_lin_mse_100k_s1,scaling,1,32,100000,linear,mse,1,13825,0.001076,0.03283,0.03625,0.561,2.280118666586177e-30,2.81,0.006,0.005,0.988,1.0,double,0.998,0.988,0.768,0.02712,469,0.725,0.008,0.028,0.9998,0.02133,0.9993,0.04046,1.0
d32_l1_h2_gelu_lin_mse_100k_s2,scaling,1,32,100000,linear,mse,2,13825,0.0009289,0.03171,0.0394,0.546,1.2830966528332086e-28,2.63,0.007,0.027,0.975,1.0,double,0.998,0.988,0.768,0.02689,385,0.913,0.163,0.067,0.9999,0.01565,0.9997,0.04125,1.0
d32_l1_h2_gelu_lin_mse_100k_s3,scaling,1,32,100000,linear,mse,3,13825,0.0005574,0.02371,0.03877,0.365,1.4540988976686248e-12,1.96,0.0,0.058,0.81,0.733,double,0.998,0.988,0.768,0.02685,562,0.941,0.213,0.058,0.9999,0.01442,0.9996,0.03846,1.0
d32_l1_h2_gelu_lin_mse_100k_s4,scaling,1,32,100000,linear,mse,4,13825,0.00054,0.02277,0.05332,0.388,3.019659946788934e-14,1.92,0.004,0.038,0.845,0.77,double,0.998,0.988,0.768,0.02695,603,0.976,0.017,0.063,0.9999,0.0126,0.9997,0.0339,1.0
d32_l1_h2_gelu_lin_mse_200k_s0,scaling,1,32,200000,linear,mse,0,13825,0.0005049,0.02725,0.03656,0.314,3.432138424124367e-09,1.85,0.18,0.058,0.814,0.673,double,0.998,0.988,0.768,0.02686,1484,0.881,0.194,0.123,0.9998,0.01842,0.9991,0.04119,0.999
d32_l1_h2_gelu_lin_mse_200k_s1,scaling,1,32,200000,linear,mse,1,13825,0.0007341,0.03302,0.03302,0.568,3.7360362087084922e-31,2.95,0.003,0.012,0.989,1.0,double,0.998,0.988,0.768,0.02714,693,0.731,0.036,0.002,0.9998,0.0179,0.9993,0.03699,1.0
d32_l1_h2_gelu_lin_mse_200k_s2,scaling,1,32,200000,linear,mse,2,13825,0.0006158,0.02427,0.03154,0.543,2.7181117318396997e-28,2.74,0.002,0.025,0.973,1.0,double,0.998,0.988,0.768,0.02684,484,0.918,0.001,0.073,0.9999,0.01154,0.9997,0.03068,1.0
d32_l1_h2_gelu_lin_mse_200k_s3,scaling,1,32,200000,linear,mse,3,13825,0.0004189,0.01349,0.03626,0.353,1.0414535985569152e-11,1.98,0.011,0.061,0.796,0.685,double,0.998,0.988,0.768,0.02692,1046,0.953,0.215,0.034,0.9999,0.01307,0.9997,0.03217,1.0
d32_l1_h2_gelu_lin_mse_200k_s4,scaling,1,32,200000,linear,mse,4,13825,0.0004026,0.0157,0.03733,0.368,9.292178461305694e-13,1.93,0.006,0.055,0.846,0.794,double,0.998,0.988,0.768,0.02692,695,0.979,0.075,0.056,0.9999,0.01126,0.9997,0.0314,1.0
d32_l1_h2_gelu_lin_mse_400k_s0,scaling,1,32,400000,linear,mse,0,13825,0.0003801,0.02181,0.03389,0.328,4.1632643411483045e-10,1.96,0.13,0.06,0.828,0.648,double,0.998,0.988,0.768,0.02693,1823,0.925,0.233,0.064,0.9998,0.01398,0.9993,0.03853,0.999
d32_l1_h2_gelu_lin_mse_400k_s1,scaling,1,32,400000,linear,mse,1,13825,0.0005969,0.02268,0.02268,0.585,3.875096637545996e-33,3.22,0.001,0.035,0.991,1.0,double,0.998,0.988,0.768,0.02706,632,0.806,0.053,0.01,0.9998,0.02758,0.9989,0.0477,1.0
d32_l1_h2_gelu_lin_mse_400k_s2,scaling,1,32,400000,linear,mse,2,13825,0.0003995,0.0162,0.02773,0.449,3.7733716848110385e-19,2.36,0.005,0.034,0.932,0.952,double,0.998,0.989,0.768,0.02698,1133,0.954,0.148,0.056,0.9999,0.01052,0.9997,0.02135,1.0
d32_l1_h2_gelu_lin_mse_400k_s3,scaling,1,32,400000,linear,mse,3,13825,0.0003613,0.007792,0.03361,0.369,8.103812815601738e-13,2.0,0.027,0.049,0.828,0.733,double,0.998,0.989,0.768,0.027,1310,0.963,0.098,0.035,0.9999,0.01262,0.9997,0.03153,1.0
d32_l1_h2_gelu_lin_mse_400k_s4,scaling,1,32,400000,linear,mse,4,13825,0.0003242,0.009189,0.03529,0.362,2.337866184448572e-12,1.99,0.009,0.059,0.844,0.709,double,0.998,0.988,0.768,0.02691,750,0.985,0.158,0.085,0.9999,0.01097,0.9997,0.03056,0.999
d32_l1_h2_gelu_lin_mse_800k_s0,scaling,1,32,800000,linear,mse,0,13825,0.0003109,0.01374,0.02618,0.392,1.5605684837822305e-14,2.28,0.022,0.058,0.88,0.83,double,0.998,0.988,0.768,0.02695,2021,0.932,0.21,0.002,0.9999,0.0147,0.9995,0.0354,0.998
d32_l1_h2_gelu_lin_mse_800k_s1,scaling,1,32,800000,linear,mse,1,13825,0.0004923,0.02138,0.02234,0.565,7.715637472832067e-31,3.09,0.0,0.042,0.983,0.988,double,0.998,0.988,0.768,0.02706,830,0.805,0.148,-0.004,0.9997,0.03087,0.9987,0.05778,0.999
d32_l1_h2_gelu_lin_mse_800k_s2,scaling,1,32,800000,linear,mse,2,13825,0.0003457,0.008847,0.03543,0.424,4.5877942242834913e-17,2.33,0.037,0.047,0.925,0.952,double,0.998,0.988,0.768,0.02696,1796,0.963,0.193,0.009,0.9999,0.01239,0.9997,0.03029,0.999
d32_l1_h2_gelu_lin_mse_800k_s3,scaling,1,32,800000,linear,mse,3,13825,0.0003034,0.01043,0.0356,0.38,1.1791537854501731e-13,2.03,0.088,0.042,0.86,0.794,double,0.998,0.989,0.768,0.02694,1301,0.982,0.03,0.022,1.0,0.008492,0.9998,0.02147,1.0
d32_l1_h2_gelu_lin_mse_800k_s4,scaling,1,32,800000,linear,mse,4,13825,0.0002997,0.007003,0.02824,0.404,1.9896645397670636e-15,1.99,0.0,0.056,0.899,0.842,double,0.998,0.988,0.768,0.02696,926,0.988,0.113,0.044,0.9999,0.01004,0.9998,0.02738,0.999
d64_l1_h2_gelu_lin_mse_25k_s0,scaling,1,64,25000,linear,mse,0,52225,0.001304,0.02863,0.0605,0.437,3.7191649073794075e-34,1.95,0.0,0.025,0.945,0.927,distributed,0.998,0.989,0.768,0.02694,227,0.78,0.156,0.346,0.9996,0.03732,0.9984,0.07431,0.968
d64_l1_h2_gelu_lin_mse_25k_s1,scaling,1,64,25000,linear,mse,1,52225,0.001298,0.03822,0.08389,0.495,1.365481820269943e-44,2.32,0.002,0.048,0.995,1.0,double,0.998,0.988,0.767,0.02707,206,0.933,0.047,0.08,0.9998,0.02913,0.999,0.04737,1.0
d64_l1_h2_gelu_lin_mse_25k_s2,scaling,1,64,25000,linear,mse,2,52225,0.001395,0.03907,0.06843,0.446,1.3737909798252461e-35,2.07,0.004,0.02,0.98,0.988,double,0.998,0.988,0.767,0.02714,414,0.931,0.069,0.167,0.9996,0.04389,0.9981,0.07497,1.0
d64_l1_h2_gelu_lin_mse_25k_s3,scaling,1,64,25000,linear,mse,3,52225,0.001141,0.04051,0.06144,0.549,1.052479680822666e-55,2.5,0.013,0.038,0.988,1.0,double,0.998,0.988,0.768,0.0269,174,0.894,0.186,0.139,0.9998,0.02074,0.9992,0.04328,1.0
d64_l1_h2_gelu_lin_mse_25k_s4,scaling,1,64,25000,linear,mse,4,52225,0.001178,0.02527,0.06468,0.452,1.3041750247609658e-36,2.08,0.008,0.007,0.963,0.952,double,0.998,0.988,0.768,0.02709,237,0.877,0.122,0.175,0.9999,0.02117,0.9993,0.04194,0.981
d64_l1_h2_gelu_lin_mse_50k_s0,scaling,1,64,50000,linear,mse,0,52225,0.0008889,0.02511,0.04315,0.448,5.503316733365132e-36,2.03,0.001,0.033,0.948,0.927,distributed,0.998,0.988,0.768,0.02696,350,0.803,0.161,0.551,0.9997,0.03238,0.9979,0.06393,0.957
d64_l1_h2_gelu_lin_mse_50k_s1,scaling,1,64,50000,linear,mse,1,52225,0.0009361,0.02762,0.05662,0.489,2.661260724127687e-43,2.4,0.001,0.028,0.995,1.0,double,0.998,0.988,0.768,0.02702,303,0.936,0.112,0.105,0.9998,0.03028,0.9986,0.05056,1.0
d64_l1_h2_gelu_lin_mse_50k_s2,scaling,1,64,50000,linear,mse,2,52225,0.000947,0.02824,0.04538,0.472,3.366861892771193e-40,2.24,0.008,0.012,0.979,0.988,double,0.998,0.989,0.768,0.02703,578,0.929,0.062,0.183,0.9996,0.04702,0.9978,0.07951,1.0
d64_l1_h2_gelu_lin_mse_50k_s3,scaling,1,64,50000,linear,mse,3,52225,0.0007487,0.02702,0.03771,0.547,2.3410481359311227e-55,2.59,0.016,0.024,0.984,0.988,double,0.998,0.988,0.768,0.02695,303,0.94,0.204,0.104,0.9999,0.01816,0.9993,0.03227,1.0
d64_l1_h2_gelu_lin_mse_50k_s4,scaling,1,64,50000,linear,mse,4,52225,0.0006927,0.02288,0.04342,0.476,5.539917190468475e-41,2.3,0.006,0.014,0.971,0.952,double,0.998,0.988,0.768,0.02691,363,0.912,0.133,0.107,0.9999,0.0132,0.9995,0.03093,0.984
d64_l1_h2_gelu_lin_mse_100k_s0,scaling,1,64,100000,linear,mse,0,52225,0.0006367,0.02605,0.04156,0.458,9.10696912166551e-38,2.08,0.0,0.036,0.952,0.927,distributed,0.998,0.988,0.768,0.02695,504,0.811,0.175,0.42,0.9998,0.02815,0.9986,0.05623,0.962
d64_l1_h2_gelu_lin_mse_100k_s1,scaling,1,64,100000,linear,mse,1,52225,0.0006335,0.01949,0.03242,0.485,1.2581351027364549e-42,2.46,0.006,0.016,0.992,1.0,double,0.998,0.988,0.768,0.02699,500,0.936,0.16,0.13,0.9998,0.02579,0.9988,0.04117,1.0
d64_l1_h2_gelu_lin_mse_100k_s2,scaling,1,64,100000,linear,mse,2,52225,0.0006873,0.02072,0.03565,0.484,1.7753539671346287e-42,2.34,0.008,0.007,0.976,1.0,double,0.998,0.988,0.768,0.027,932,0.918,0.064,0.186,0.9997,0.04792,0.9977,0.08134,1.0
d64_l1_h2_gelu_lin_mse_100k_s3,scaling,1,64,100000,linear,mse,3,52225,0.0004874,0.01961,0.03245,0.514,2.8511693171632567e-48,2.52,0.033,0.021,0.974,0.988,double,0.998,0.989,0.768,0.02698,655,0.943,0.24,0.071,0.9999,0.01519,0.9994,0.02935,1.0
d64_l1_h2_gelu_lin_mse_100k_s4,scaling,1,64,100000,linear,mse,4,52225,0.0004514,0.01938,0.03263,0.478,2.7351730598868244e-41,2.47,0.007,0.014,0.976,0.976,double,0.998,0.988,0.768,0.02697,659,0.922,0.157,0.08,0.9999,0.01245,0.9996,0.02852,0.986
d64_l1_h2_gelu_lin_mse_200k_s0,scaling,1,64,200000,linear,mse,0,52225,0.000484,0.01915,0.02727,0.481,7.787835858695858e-42,2.23,0.001,0.035,0.963,0.939,distributed,0.998,0.989,0.768,0.02694,654,0.806,0.175,0.339,0.9998,0.02507,0.9989,0.05167,0.982
d64_l1_h2_gelu_lin_mse_200k_s1,scaling,1,64,200000,linear,mse,1,52225,0.0004395,0.01605,0.0316,0.463,1.1257360020101864e-38,2.46,0.033,0.014,0.977,1.0,double,0.998,0.988,0.768,0.02696,1017,0.946,0.172,0.109,0.9998,0.03071,0.9985,0.05362,1.0
d64_l1_h2_gelu_lin_mse_200k_s2,scaling,1,64,200000,linear,mse,2,52225,0.0004801,0.01616,0.02793,0.49,1.3137856541540388e-43,2.42,0.001,0.01,0.981,0.988,double,0.998,0.989,0.768,0.02697,1251,0.933,0.092,0.151,0.9997,0.04511,0.9978,0.07977,1.0
d64_l1_h2_gelu_lin_mse_200k_s3,scaling,1,64,200000,linear,mse,3,52225,0.0003406,0.01773,0.0306,0.44,1.2509329414432614e-34,2.33,0.12,0.039,0.914,0.964,double,0.998,0.988,0.768,0.02696,1505,0.954,0.265,0.049,0.9999,0.01344,0.9994,0.03309,0.999
d64_l1_h2_gelu_lin_mse_200k_s4,scaling,1,64,200000,linear,mse,4,52225,0.000306,0.01751,0.01945,0.464,1.046033240074594e-38,2.44,0.018,0.021,0.976,0.988,double,0.998,0.988,0.768,0.02694,1341,0.927,0.188,0.071,0.9999,0.0141,0.9996,0.03209,0.987
d64_l1_h2_gelu_lin_mse_400k_s0,scaling,1,64,400000,linear,mse,0,52225,0.0003792,0.009623,0.0195,0.502,7.64475854439144e-46,2.37,0.003,0.025,0.969,0.964,distributed,0.998,0.989,0.768,0.0269,827,0.794,0.204,0.34,0.9998,0.02413,0.9989,0.04785,0.993
d64_l1_h2_gelu_lin_mse_400k_s1,scaling,1,64,400000,linear,mse,1,52225,0.0003295,0.01005,0.02075,0.427,1.9161773087210046e-32,2.37,0.062,0.024,0.962,1.0,double,0.998,0.988,0.768,0.02696,1792,0.925,0.204,0.129,0.9998,0.02689,0.9988,0.04566,1.0
d64_l1_h2_gelu_lin_mse_400k_s2,scaling,1,64,400000,linear,mse,2,52225,0.0003328,0.01504,0.02936,0.472,3.8506747598423295e-40,2.48,0.011,0.014,0.976,1.0,double,0.998,0.988,0.768,0.02702,2091,0.885,0.121,0.159,0.9997,0.04614,0.9977,0.08352,1.0
d64_l1_h2_gelu_lin_mse_400k_s3,scaling,1,64,400000,linear,mse,3,52225,0.0002356,0.01173,0.02074,0.404,7.563255151452286e-29,2.46,0.229,0.055,0.829,0.648,double,0.998,0.988,0.768,0.02695,2882,0.952,0.258,-0.045,0.9999,0.01408,0.9994,0.03686,0.993
d64_l1_h2_gelu_lin_mse_400k_s4,scaling,1,64,400000,linear,mse,4,52225,0.0002231,0.005741,0.01509,0.445,2.0325582690886416e-35,2.5,0.093,0.038,0.94,0.988,double,0.998,0.988,0.768,0.02695,2871,0.933,0.206,0.053,0.9999,0.01154,0.9997,0.0235,0.986
d64_l1_h2_gelu_lin_mse_800k_s0,scaling,1,64,800000,linear,mse,0,52225,0.0002608,0.00866,0.01474,0.476,7.149728801606962e-41,2.39,0.032,0.036,0.96,0.964,distributed,0.998,0.988,0.768,0.02695,1320,0.85,0.194,0.205,0.9999,0.01536,0.9993,0.03939,1.0
d64_l1_h2_gelu_lin_mse_800k_s1,scaling,1,64,800000,linear,mse,1,52225,0.0002049,0.006909,0.016,0.403,1.2868097249856504e-28,2.28,0.037,0.05,0.973,1.0,double,0.998,0.988,0.768,0.02696,3674,0.907,0.217,0.132,0.9999,0.01773,0.9993,0.03966,1.0
d64_l1_h2_gelu_lin_mse_800k_s2,scaling,1,64,800000,linear,mse,2,52225,0.0002814,0.01665,0.02494,0.429,8.608785338574442e-33,2.28,0.029,0.034,0.967,0.988,double,0.998,0.988,0.768,0.02701,2738,0.88,0.152,0.104,0.9997,0.04018,0.9978,0.07525,1.0
d64_l1_h2_gelu_lin_mse_800k_s3,scaling,1,64,800000,linear,mse,3,52225,0.0001846,0.006807,0.01343,0.38,3.0553990327868337e-25,2.57,0.331,0.084,0.775,0.745,double,0.998,0.988,0.768,0.02692,5157,0.954,0.237,-0.061,0.9999,0.0125,0.9995,0.03067,0.996
d64_l1_h2_gelu_lin_mse_800k_s4,scaling,1,64,800000,linear,mse,4,52225,0.0001765,0.006857,0.01535,0.405,4.663971309197717e-29,2.66,0.297,0.085,0.798,0.855,double,0.998,0.988,0.768,0.02694,2863,0.937,0.184,0.065,0.9999,0.01133,0.9997,0.02729,0.991
d128_l1_h2_gelu_lin_mse_25k_s0,scaling,1,128,25000,linear,mse,0,202753,0.0007719,0.03692,0.04204,0.465,1.0684906093487316e-75,2.21,0.004,0.051,0.99,1.0,double,0.998,0.988,0.768,0.02706,673,0.94,0.129,-0.039,0.9998,0.01251,0.9993,0.02269,1.0
d128_l1_h2_gelu_lin_mse_25k_s1,scaling,1,128,25000,linear,mse,1,202753,0.001174,0.02173,0.06041,0.674,1.7000309427581667e-175,3.47,0.0,0.024,0.999,1.0,double,0.998,0.988,0.768,0.02701,253,0.911,0.029,-0.186,0.9995,0.04688,0.9973,0.1162,1.0
d128_l1_h2_gelu_lin_mse_25k_s2,scaling,1,128,25000,linear,mse,2,202753,0.00066,0.02468,0.05001,0.388,8.481431031719191e-51,2.04,0.045,0.066,0.961,0.988,double,0.998,0.988,0.768,0.02693,1161,0.957,0.23,0.01,0.9997,0.01469,0.9989,0.03449,1.0
d128_l1_h2_gelu_lin_mse_25k_s3,scaling,1,128,25000,linear,mse,3,202753,0.0005753,0.04639,0.06295,0.461,2.9903772723273614e-74,2.84,0.145,0.069,0.884,0.976,double,0.998,0.988,0.768,0.027,1413,0.954,0.052,0.043,0.9999,0.01084,0.9996,0.02927,1.0
d128_l1_h2_gelu_lin_mse_25k_s4,scaling,1,128,25000,linear,mse,4,202753,0.0006866,0.03675,0.07428,0.389,5.703823192770339e-51,2.05,0.069,0.031,0.88,0.794,double,0.998,0.988,0.768,0.02701,980,0.946,0.076,0.089,0.9999,0.01204,0.9994,0.0221,1.0
d128_l1_h2_gelu_lin_mse_50k_s0,scaling,1,128,50000,linear,mse,0,202753,0.0006563,0.01245,0.03898,0.515,1.5925103267915426e-94,2.47,0.005,0.037,0.992,1.0,double,0.998,0.988,0.768,0.027,720,0.959,0.15,-0.039,0.9999,0.01036,0.9995,0.021,1.0
d128_l1_h2_gelu_lin_mse_50k_s1,scaling,1,128,50000,linear,mse,1,202753,0.0008481,0.01673,0.03886,0.69,3.4878321941883633e-186,3.76,0.001,0.019,1.0,1.0,double,0.998,0.989,0.768,0.02688,308,0.878,0.083,-0.238,0.9996,0.04436,0.9972,0.1005,0.999
d128_l1_h2_gelu_lin_mse_50k_s2,scaling,1,128,50000,linear,mse,2,202753,0.0004392,0.02397,0.04011,0.392,9.021938015401227e-52,2.08,0.032,0.059,0.962,0.976,double,0.998,0.988,0.768,0.02699,1787,0.95,0.218,-0.023,0.9997,0.01534,0.9989,0.03286,1.0
d128_l1_h2_gelu_lin_mse_50k_s3,scaling,1,128,50000,linear,mse,3,202753,0.0003985,0.01633,0.04618,0.443,5.1346546149256595e-68,2.88,0.167,0.076,0.852,0.952,double,0.998,0.988,0.768,0.02699,2031,0.949,0.092,0.046,0.9999,0.01005,0.9997,0.02627,1.0
d128_l1_h2_gelu_lin_mse_50k_s4,scaling,1,128,50000,linear,mse,4,202753,0.0004531,0.02205,0.05557,0.382,5.295268118047217e-49,2.1,0.077,0.036,0.873,0.806,double,0.998,0.988,0.768,0.02696,1714,0.941,0.121,0.085,0.9999,0.01146,0.9994,0.02384,1.0
d128_l1_h2_gelu_lin_mse_100k_s0,scaling,1,128,100000,linear,mse,0,202753,0.0003672,0.01545,0.03672,0.464,2.8388191375828443e-75,2.35,0.019,0.034,0.983,0.988,double,0.998,0.988,0.768,0.02696,1291,0.954,0.15,-0.07,0.9998,0.01254,0.9993,0.02578,1.0
d128_l1_h2_gelu_lin_mse_100k_s1,scaling,1,128,100000,linear,mse,1,202753,0.0005847,0.01137,0.03267,0.737,1.0851281215834865e-220,4.23,0.004,0.029,0.998,1.0,double,0.998,0.989,0.768,0.02691,503,0.872,0.121,-0.197,0.9996,0.04214,0.9977,0.09611,0.998
d128_l1_h2_gelu_lin_mse_100k_s2,scaling,1,128,100000,linear,mse,2,202753,0.0003119,0.01955,0.02877,0.375,8.41007444598481e-47,2.0,0.021,0.064,0.961,0.976,double,0.998,0.988,0.768,0.02699,3029,0.94,0.223,-0.022,0.9997,0.01571,0.9987,0.03725,1.0
d128_l1_h2_gelu_lin_mse_100k_s3,scaling,1,128,100000,linear,mse,3,202753,0.0002747,0.009871,0.03727,0.392,7.186518331631567e-52,2.61,0.168,0.086,0.814,0.927,double,0.998,0.988,0.768,0.02698,3233,0.956,0.134,0.042,0.9999,0.009382,0.9997,0.02478,1.0
d128_l1_h2_gelu_lin_mse_100k_s4,scaling,1,128,100000,linear,mse,4,202753,0.000332,0.01642,0.03713,0.399,4.281939040158797e-54,2.22,0.082,0.04,0.884,0.806,double,0.998,0.988,0.768,0.02697,2365,0.942,0.137,0.084,0.9999,0.01102,0.9995,0.02561,1.0
d128_l1_h2_gelu_lin_mse_200k_s0,scaling,1,128,200000,linear,mse,0,202753,0.0002987,0.009371,0.02536,0.515,6.866358734407898e-95,2.68,0.016,0.032,0.991,1.0,double,0.998,0.988,0.768,0.02698,1961,0.959,0.207,-0.056,0.9998,0.01168,0.9994,0.02499,1.0
d128_l1_h2_gelu_lin_mse_200k_s1,scaling,1,128,200000,linear,mse,1,202753,0.0004007,0.009058,0.02799,0.719,3.484264778666333e-207,4.06,0.011,0.029,0.994,1.0,distributed,0.998,0.988,0.768,0.027,1202,0.858,0.202,-0.2,0.9997,0.03192,0.9979,0.08054,0.998
d128_l1_h2_gelu_lin_mse_200k_s2,scaling,1,128,200000,linear,mse,2,202753,0.000225,0.01054,0.02088,0.36,9.86420215467424e-43,1.95,0.041,0.062,0.953,0.988,double,0.998,0.988,0.768,0.02696,4316,0.939,0.241,-0.03,0.9997,0.01668,0.9987,0.04273,1.0
d128_l1_h2_gelu_lin_mse_200k_s3,scaling,1,128,200000,linear,mse,3,202753,0.0001857,0.006098,0.01815,0.384,1.1450999468769817e-49,2.63,0.211,0.109,0.79,0.891,double,0.998,0.988,0.768,0.02698,5057,0.964,0.203,0.033,0.9999,0.008763,0.9998,0.02464,1.0
d128_l1_h2_gelu_lin_mse_200k_s4,scaling,1,128,200000,linear,mse,4,202753,0.000201,0.01253,0.02166,0.412,5.10841819532137e-58,2.31,0.087,0.044,0.895,0.939,double,0.998,0.988,0.768,0.02698,4236,0.949,0.204,0.072,0.9999,0.01169,0.9995,0.03174,0.999
d128_l1_h2_gelu_lin_mse_400k_s0,scaling,1,128,400000,linear,mse,0,202753,0.0001948,0.008522,0.01733,0.408,1.2291692131194959e-56,2.27,0.14,0.035,0.92,0.964,double,0.998,0.988,0.768,0.02694,3646,0.958,0.211,-0.114,0.9998,0.01768,0.9988,0.04031,1.0
d128_l1_h2_gelu_lin_mse_400k_s1,scaling,1,128,400000,linear,mse,1,202753,0.0002609,0.006681,0.0184,0.698,5.824188314718199e-192,4.02,0.026,0.033,0.986,1.0,distributed,0.998,0.988,0.768,0.02699,2857,0.86,0.239,-0.184,0.9998,0.02936,0.9964,0.0841,0.995
d128_l1_h2_gelu_lin_mse_400k_s2,scaling,1,128,400000,linear,mse,2,202753,0.000185,0.008333,0.016,0.334,7.114470397448869e-36,1.85,0.174,0.075,0.872,0.842,double,0.998,0.988,0.768,0.02697,5292,0.942,0.234,-0.032,0.9998,0.01443,0.9991,0.03652,1.0
d128_l1_h2_gelu_lin_mse_400k_s3,scaling,1,128,400000,linear,mse,3,202753,0.0001379,0.00475,0.01037,0.398,1.2609604082957837e-53,2.71,0.163,0.111,0.806,0.879,double,0.998,0.988,0.768,0.02696,6300,0.973,0.231,0.027,0.9999,0.008533,0.9998,0.02416,1.0
d128_l1_h2_gelu_lin_mse_400k_s4,scaling,1,128,400000,linear,mse,4,202753,0.0001664,0.008244,0.01327,0.43,1.2327058357441835e-63,2.36,0.085,0.053,0.912,0.988,double,0.998,0.988,0.768,0.02694,6586,0.958,0.238,0.056,0.9999,0.01149,0.9996,0.03366,0.993
d128_l1_h2_gelu_lin_mse_800k_s0,scaling,1,128,800000,linear,mse,0,202753,0.0001721,0.00616,0.01221,0.496,4.906361714000356e-87,2.56,0.023,0.047,0.987,1.0,double,0.998,0.988,0.768,0.02696,3784,0.961,0.216,-0.038,0.9998,0.01471,0.9993,0.03857,1.0
d128_l1_h2_gelu_lin_mse_800k_s1,scaling,1,128,800000,linear,mse,1,202753,0.0001734,0.004963,0.01099,0.642,2.646373275316348e-156,3.44,0.023,0.017,0.986,1.0,distributed,0.998,0.988,0.768,0.02695,3893,0.847,0.22,0.232,0.9999,0.01759,0.9982,0.0574,0.988
d128_l1_h2_gelu_lin_mse_800k_s2,scaling,1,128,800000,linear,mse,2,202753,0.0001503,0.006695,0.01326,0.39,3.12442578879365e-51,2.16,0.162,0.063,0.885,0.867,double,0.998,0.988,0.768,0.02695,6991,0.941,0.248,-0.033,0.9998,0.01243,0.9993,0.03007,0.997
d128_l1_h2_gelu_lin_mse_800k_s3,scaling,1,128,800000,linear,mse,3,202753,0.0001105,0.005923,0.008945,0.391,1.6474529693849e-51,2.59,0.251,0.109,0.789,0.842,double,0.998,0.988,0.768,0.02696,9062,0.974,0.285,0.023,1.0,0.008448,0.9998,0.02267,1.0
d128_l1_h2_gelu_lin_mse_800k_s4,scaling,1,128,800000,linear,mse,4,202753,0.0001363,0.005498,0.01102,0.466,5.990637205623634e-76,2.53,0.055,0.064,0.964,1.0,double,0.998,0.988,0.768,0.02693,9421,0.947,0.236,0.036,0.9999,0.01044,0.9997,0.02924,0.979
d8_l1_h2_gelu_sig_mse_800k_s0,control,1,8,800000,sigmoid,mse,0,1153,0.002032,0.03991,0.05512,0.437,6.258483920714024e-06,2.84,0.028,0.015,0.979,1.0,double,,,,0.02701,226,0.994,0.091,0.032,1.0,0.006503,0.9999,0.0107,0.965
d8_l1_h2_gelu_sig_mse_800k_s1,control,1,8,800000,sigmoid,mse,1,1153,0.002145,0.0451,0.1215,0.554,7.001871715374371e-09,3.65,0.029,0.029,0.978,0.988,single,,,,0.02706,902,0.929,0.12,-0.134,0.9999,0.02148,0.9994,0.05369,0.981
d8_l1_h2_gelu_sig_mse_800k_s2,control,1,8,800000,sigmoid,mse,2,1153,0.0018,0.03272,0.0834,0.62,5.802382930593896e-11,3.89,0.009,0.048,0.988,1.0,double,,,,0.02691,238,0.99,0.242,-0.051,0.9999,0.008067,0.9998,0.01605,0.979
d8_l1_h2_gelu_sig_mse_800k_s3,control,1,8,800000,sigmoid,mse,3,1153,0.001328,0.03649,0.05582,0.368,0.00016130277826921467,1.9,0.135,0.048,0.796,0.685,double,,,,0.02694,361,0.997,0.053,0.017,0.9999,0.0106,0.9999,0.02604,1.0
d8_l1_h2_gelu_sig_mse_800k_s4,control,1,8,800000,sigmoid,mse,4,1153,0.001398,0.03282,0.08783,0.454,2.6879702030725356e-06,3.37,0.13,0.045,0.918,1.0,double,,,,0.02683,179,0.997,0.076,0.018,1.0,0.01051,0.9998,0.02357,0.997
d8_l1_h2_gelu_tanh_mse_800k_s0,control,1,8,800000,tanh,mse,0,1153,0.001696,0.04869,0.06734,0.41,2.4287566657167783e-05,3.02,0.154,0.04,0.836,0.794,double,,,,0.02728,422,0.994,0.212,0.002,1.0,0.006181,0.9999,0.01454,1.0
d8_l1_h2_gelu_tanh_mse_800k_s1,control,1,8,800000,tanh,mse,1,1153,0.00115,0.03214,0.04322,0.428,9.801671320694997e-06,2.44,0.13,0.029,0.856,0.794,double,,,,0.0269,960,0.998,0.148,0.011,1.0,0.006578,0.9999,0.01624,0.999
d8_l1_h2_gelu_tanh_mse_800k_s2,control,1,8,800000,tanh,mse,2,1153,0.001944,0.04642,0.08056,0.589,6.38511420549797e-10,3.51,0.066,0.043,0.95,0.915,double,,,,0.02704,873,0.991,0.028,-0.009,1.0,0.004933,1.0,0.009233,0.99
d8_l1_h2_gelu_tanh_mse_800k_s3,control,1,8,800000,tanh,mse,3,1153,0.00185,0.03226,0.09167,0.681,2.8622638573219257e-13,4.57,0.001,0.046,0.983,1.0,double,,,,0.02719,159,0.983,0.039,-0.007,0.9999,0.01527,0.9997,0.02987,0.997
d8_l1_h2_gelu_tanh_mse_800k_s4,control,1,8,800000,tanh,mse,4,1153,0.002027,0.0418,0.0719,0.511,1.0992879231144044e-07,3.21,0.005,0.039,0.976,0.988,distributed,,,,0.02681,382,0.893,0.164,0.209,0.9998,0.02758,0.9992,0.07046,0.993
d8_l1_h2_gelu_clamp_mse_800k_s0,control,1,8,800000,clamp,mse,0,1153,0.001674,0.06049,0.08086,0.519,6.701693843323387e-08,3.76,0.079,0.023,0.958,0.964,single,,,,0.02689,304,0.968,0.35,0.072,1.0,0.01062,0.9998,0.02333,0.977
d8_l1_h2_gelu_clamp_mse_800k_s1,control,1,8,800000,clamp,mse,1,1153,0.0009204,0.0199,0.04789,0.488,4.1196267092214517e-07,2.8,0.081,0.068,0.85,0.77,double,,,,0.02706,513,0.997,0.035,0.015,1.0,0.006664,0.9999,0.01619,1.0
d8_l1_h2_gelu_clamp_mse_800k_s2,control,1,8,800000,clamp,mse,2,1153,0.001555,0.04125,0.06148,0.633,2.0940139930648144e-11,3.99,0.049,0.017,0.971,0.988,double,,,,0.02689,802,0.992,0.004,0.018,1.0,0.007363,1.0,0.01077,0.984
d8_l1_h2_gelu_clamp_mse_800k_s3,control,1,8,800000,clamp,mse,3,1153,0.001231,0.02854,0.0831,0.785,1.4440608397054494e-18,5.64,0.0,0.001,0.999,1.0,double,,,,0.02702,354,0.966,0.026,0.011,0.9999,0.01284,0.9998,0.03529,0.999
d8_l1_h2_gelu_clamp_mse_800k_s4,control,1,8,800000,clamp,mse,4,1153,0.001403,0.02703,0.08497,0.591,5.566131747984656e-10,4.21,0.021,0.015,0.988,0.988,double,,,,0.02705,279,0.931,0.054,-0.002,0.9998,0.02025,0.9996,0.05568,1.0
d8_l1_h2_relu_lin_mse_800k_s0,control,1,8,800000,linear,mse,0,1153,0.001375,0.02419,0.0627,0.4,3.903572228485166e-05,3.34,0.536,0.029,-0.618,-0.539,distributed,0.998,0.988,0.768,0.02697,344,0.958,0.135,0.211,0.9999,0.01874,0.9987,0.03708,0.996
d8_l1_h2_relu_lin_mse_800k_s1,control,1,8,800000,linear,mse,1,1153,0.001402,0.02565,0.04632,0.766,2.0975284660203363e-17,5.69,0.0,0.016,0.999,1.0,double,0.998,0.988,0.767,0.02729,290,0.96,0.02,-0.049,1.0,0.0135,0.9999,0.0252,0.997
d8_l1_h2_relu_lin_mse_800k_s2,control,1,8,800000,linear,mse,2,1153,0.001016,0.01454,0.06834,0.65,4.764936090194652e-12,3.82,0.001,0.053,-0.977,-0.988,double,0.998,0.988,0.768,0.02701,523,0.991,0.2,0.009,1.0,0.009889,0.9999,0.02041,0.991
d8_l1_h2_relu_lin_mse_800k_s3,control,1,8,800000,linear,mse,3,1153,0.001289,0.02881,0.04807,0.498,2.3258357732821895e-07,3.22,0.018,0.078,0.903,0.794,distributed,0.998,0.988,0.768,0.02709,393,0.97,0.022,-0.026,1.0,0.00871,0.9999,0.01537,0.979
d8_l1_h2_relu_lin_mse_800k_s4,control,1,8,800000,linear,mse,4,1153,0.001571,0.03183,0.05623,0.793,4.575618095455682e-19,5.85,0.018,0.02,0.991,1.0,distributed,0.998,0.988,0.768,0.02677,351,0.965,0.017,0.072,1.0,0.01826,0.9998,0.02727,0.984
d8_l1_h4_gelu_lin_mse_800k_s0,control,1,8,800000,linear,mse,0,1153,0.001432,0.04853,0.06272,0.651,4.352258184792037e-12,4.25,0.004,0.03,0.969,1.0,distributed,0.998,0.988,0.767,0.02687,440,0.975,0.009,0.004,0.9996,0.03714,0.9965,0.08879,0.937
d8_l1_h4_gelu_lin_mse_800k_s1,control,1,8,800000,linear,mse,1,1153,0.00153,0.04765,0.07506,0.721,4.7058157142396844e-15,5.23,0.0,0.06,-0.986,-1.0,double,0.998,0.988,0.767,0.02711,329,0.964,0.209,-0.013,0.9998,0.01476,0.9998,0.03696,0.874
d8_l1_h4_gelu_lin_mse_800k_s2,control,1,8,800000,linear,mse,2,1153,0.001255,0.02657,0.04092,0.681,2.946511986728562e-13,4.35,0.001,0.029,0.996,1.0,double,0.998,0.988,0.767,0.02707,249,0.945,0.147,0.008,0.9998,0.0189,0.9996,0.03497,0.823
d8_l1_h4_gelu_lin_mse_800k_s3,control,1,8,800000,linear,mse,3,1153,0.001282,0.03656,0.06306,0.687,1.66849278595839e-13,4.34,0.002,0.018,0.998,1.0,double,0.998,0.988,0.768,0.02681,381,0.968,0.176,0.005,0.9998,0.01926,0.9996,0.03301,0.976
d8_l1_h4_gelu_lin_mse_800k_s4,control,1,8,800000,linear,mse,4,1153,0.002088,0.07894,0.1125,0.511,1.0720778754028965e-07,4.03,0.051,0.015,0.966,1.0,double,0.998,0.988,0.767,0.02731,290,0.959,0.122,0.064,1.0,0.02461,0.9997,0.05673,0.865
d8_l1_h2_gelu_lin_mae_800k_s0,control,1,8,800000,linear,mae,0,1153,0.001155,0.1308,0.1363,0.584,9.179092067234265e-10,3.51,0.015,0.009,0.983,0.988,double,0.998,0.988,0.766,0.02715,505,0.954,0.041,-0.023,0.9999,0.02202,0.9996,0.04069,0.982
d8_l1_h2_gelu_lin_mae_800k_s1,control,1,8,800000,linear,mae,1,1153,0.001193,0.1303,0.1724,0.8,1.3723646571829041e-19,5.22,0.0,0.008,0.999,1.0,double,0.998,0.988,0.767,0.02724,558,0.966,0.154,-0.027,0.9998,0.03064,0.9994,0.0683,0.999
d8_l1_h2_gelu_lin_mae_800k_s2,control,1,8,800000,linear,mae,2,1153,0.001085,0.09971,0.1459,0.671,7.49216482654683e-13,4.41,0.004,0.031,0.995,1.0,double,0.998,0.988,0.768,0.02697,397,0.946,0.049,-0.033,0.9999,0.02045,0.9996,0.04172,1.0
d8_l1_h2_gelu_lin_mae_800k_s3,control,1,8,800000,linear,mae,3,1153,0.001786,0.1248,0.1655,0.498,2.3203966897839962e-07,3.5,0.001,0.02,0.96,0.976,single,0.998,0.987,0.764,0.02751,352,0.945,0.095,-0.065,0.9999,0.01759,0.9994,0.04012,0.998
d8_l1_h2_gelu_lin_mae_800k_s4,control,1,8,800000,linear,mae,4,1153,0.001582,0.1376,0.1733,0.646,7.098089307801537e-12,4.43,0.017,0.017,0.984,1.0,single,0.998,0.988,0.766,0.02679,263,0.973,0.211,0.107,1.0,0.02204,0.9997,0.04728,0.931
d8_l1_h2_gelu_lnoff_lin_mse_800k_s0,lnoff,0,8,800000,linear,mse,0,1137,0.004049,0.1105,0.1239,0.5,2.1455868261371308e-07,3.14,0.0,0.041,0.953,0.988,double,0.998,0.987,0.762,0.0289,333,0.945,0.721,0.039,0.9999,0.02948,0.9998,0.065,0.917
d8_l1_h2_gelu_lnoff_lin_mse_800k_s1,lnoff,0,8,800000,linear,mse,1,1137,0.003598,0.1137,0.1238,0.659,2.2432705632693942e-12,4.23,0.007,0.021,-0.993,-1.0,distributed,0.998,0.988,0.765,0.02756,475,0.866,0.372,0.146,0.9999,0.01639,0.9995,0.03733,0.775
d8_l1_h2_gelu_lnoff_lin_mse_800k_s2,lnoff,0,8,800000,linear,mse,2,1137,0.003695,0.1106,0.1374,0.433,7.712691053194843e-06,3.27,0.233,0.037,0.818,0.818,double,0.998,0.987,0.761,0.02839,421,0.912,0.33,0.081,0.9998,0.02354,0.9994,0.0426,0.837
d8_l1_h2_gelu_lnoff_lin_mse_800k_s3,lnoff,0,8,800000,linear,mse,3,1137,0.003163,0.1144,0.1281,0.549,1.0020812066927382e-08,2.89,0.001,0.045,0.961,0.964,double,0.998,0.987,0.762,0.02769,450,0.917,0.284,0.015,1.0,0.0116,0.9999,0.02103,0.995
d8_l1_h2_gelu_lnoff_lin_mse_800k_s4,lnoff,0,8,800000,linear,mse,4,1137,0.004686,0.09513,0.1227,0.512,1.0120845579142353e-07,2.9,0.0,0.052,0.976,0.988,double,0.998,0.987,0.759,0.0276,312,0.977,0.637,-0.019,0.9998,0.02507,0.9998,0.04423,0.998
d8_l2_h2_gelu_lin_mse_800k_s0,l2,0,8,800000,linear,mse,0,1993,0.001871,0.05437,0.08421,0.775,5.967844063588341e-18,5.23,0.006,0.008,0.997,1.0,distributed,0.998,0.988,0.766,0.02712,248,0.963,0.563,0.989,0.9968,0.1196,0.988,0.2522,0.999
d8_l2_h2_gelu_lin_mse_800k_s1,l2,0,8,800000,linear,mse,1,1993,0.001419,0.03613,0.04989,0.596,3.877752124142757e-10,3.76,0.026,0.049,0.974,0.964,double,0.998,0.988,0.767,0.0269,366,0.969,0.654,0.801,0.9979,0.1061,0.9919,0.2172,0.971
d8_l2_h2_gelu_lin_mse_800k_s2,l2,0,8,800000,linear,mse,2,1993,0.001184,0.03125,0.06386,0.661,1.8411855297894775e-12,3.85,0.001,0.122,-0.953,-0.927,distributed,0.998,0.988,0.767,0.02704,615,0.989,0.26,0.78,0.9979,0.1042,0.992,0.2104,0.98
d8_l2_h2_gelu_lin_mse_800k_s3,l2,0,8,800000,linear,mse,3,1993,0.001377,0.037,0.05452,0.705,2.61799076142819e-14,4.77,0.003,0.022,0.998,1.0,single,0.998,0.988,0.768,0.02703,386,0.942,0.456,-0.048,0.9999,0.02081,0.9996,0.06164,0.888
d8_l2_h2_gelu_lin_mse_800k_s4,l2,0,8,800000,linear,mse,4,1993,0.001386,0.05653,0.105,0.651,4.267162947389043e-12,4.32,0.003,0.072,-0.968,-0.988,single,0.998,0.989,0.769,0.02666,280,0.992,0.063,0.068,0.9996,0.02784,0.9979,0.05141,0.965
d8_l1_h2_gelu_lin_mse_800k_M50r_s0,extM,0,8,800000,linear,mse,0,1153,0.08409,1.035,1.188,0.382,8.630397972119774e-05,1.83,0.169,0.045,0.851,0.782,,,,,,,0.993,0.054,0.045,1.0,0.04495,1.0,0.09556,0.991
d8_l1_h2_gelu_lin_mse_800k_M50r_s1,extM,0,8,800000,linear,mse,1,1153,0.05667,0.9657,1.185,0.487,4.5218559012797124e-07,1.91,0.012,0.088,0.974,0.988,,,,,,,0.976,0.005,-0.008,1.0,0.05804,1.0,0.1045,0.976
d8_l1_h2_gelu_lin_mse_800k_M50r_s2,extM,0,8,800000,linear,mse,2,1153,0.1509,0.946,1.112,0.55,9.695481905921802e-09,2.62,0.007,0.05,0.994,1.0,,,,,,,0.729,0.782,-0.525,1.0,0.006287,1.0,0.03989,0.457
d8_l1_h2_gelu_lin_mse_800k_M50r_s3,extM,0,8,800000,linear,mse,3,1153,0.08376,1.279,1.464,0.579,1.3174739493474652e-09,2.57,0.009,0.046,0.988,1.0,,,,,,,0.991,0.029,-0.008,1.0,0.04533,1.0,0.09521,0.997
d8_l1_h2_gelu_lin_mse_800k_M50r_s4,extM,0,8,800000,linear,mse,4,1153,0.08257,1.014,1.233,0.69,1.2125469493573634e-13,2.9,0.028,0.078,0.978,0.976,,,,,,,0.99,0.087,-0.008,1.0,0.05404,1.0,0.1547,1.0
d8_l1_h2_gelu_lin_mse_800k_M50r_Ewrap_s0,extM,0,8,800000,linear,mse,0,1153,0.1537,1.275,1.275,0.17,0.13232453332806926,1.48,0.382,0.153,-0.222,-0.091,,,,,,,0.68,0.001,0.874,0.9999,0.002144,1.0,0.003235,1.0
d8_l1_h2_gelu_lin_mse_800k_M50r_Ewrap_s1,extM,0,8,800000,linear,mse,1,1153,0.1404,2.19,2.19,0.227,0.0274479515205808,1.25,0.479,0.141,0.612,0.624,,,,,,,0.542,0.038,0.869,0.9999,0.00496,0.9999,0.005199,0.983
d8_l1_h2_gelu_lin_mse_800k_M50r_Ewrap_s2,extM,0,8,800000,linear,mse,2,1153,0.1426,3.859,3.859,0.068,0.7888035838804209,1.04,0.127,0.191,-0.082,0.079,,,,,,,0.6,0.187,0.526,0.9997,0.01063,0.9953,0.03413,0.89
d8_l1_h2_gelu_lin_mse_800k_M50r_Ewrap_s3,extM,0,8,800000,linear,mse,3,1153,0.1701,4.525,4.525,0.108,0.46492576018051057,1.27,0.008,0.18,-0.4,-0.127,,,,,,,0.493,0.689,0.273,0.9998,0.007914,0.9986,0.03126,1.0
d8_l1_h2_gelu_lin_mse_800k_M50r_Ewrap_s4,extM,0,8,800000,linear,mse,4,1153,0.1508,1.69,1.69,0.149,0.2142733281532221,1.43,0.055,0.203,0.223,0.224,,,,,,,0.671,0.35,0.082,0.9999,0.004337,0.9996,0.008651,0.993
d8_l1_h2_gelu_lin_mse_800k_M10pi_s0,extM,0,8,800000,linear,mse,0,1153,0.02039,0.4235,0.4752,0.766,1.8645167783616385e-17,5.99,0.009,0.016,0.977,1.0,,,,,,,0.963,0.272,-0.054,0.9999,0.2424,0.9998,0.4854,0.977
d8_l1_h2_gelu_lin_mse_800k_M10pi_s1,extM,0,8,800000,linear,mse,1,1153,0.02138,0.4034,0.4034,0.508,1.3255419561719914e-07,4.31,0.024,0.032,0.983,1.0,,,,,,,0.981,0.39,-0.031,1.0,0.0869,1.0,0.1948,0.976
d8_l1_h2_gelu_lin_mse_800k_M10pi_s2,extM,0,8,800000,linear,mse,2,1153,0.01447,0.4296,0.5748,0.541,1.724673822782331e-08,3.58,0.01,0.042,0.983,0.988,,,,,,,0.836,0.161,1.086,0.9999,0.1432,0.9996,0.291,1.0
d8_l1_h2_gelu_lin_mse_800k_M10pi_s3,extM,0,8,800000,linear,mse,3,1153,0.02884,0.5847,0.6247,0.611,1.2344712912554414e-10,3.91,0.003,0.041,0.998,1.0,,,,,,,0.959,0.147,0.16,1.0,0.04041,1.0,0.09376,1.0
d8_l1_h2_gelu_lin_mse_800k_M10pi_s4,extM,0,8,800000,linear,mse,4,1153,0.02372,0.4599,0.4845,0.519,6.600479327822345e-08,5.82,0.431,0.085,0.753,1.0,,,,,,,0.97,0.193,-0.022,1.0,0.09476,0.9999,0.2309,0.999
d8_l1_h2_gelu_lin_mse_800k_M10pi_Ewrap_s0,extM,0,8,800000,linear,mse,0,1153,0.0007675,0.02485,0.04223,0.56,4.672780738097422e-09,3.58,0.001,0.019,0.974,0.976,,,,,,,0.998,0.051,-0.002,1.0,0.009501,0.9998,0.01935,1.0
d8_l1_h2_gelu_lin_mse_800k_M10pi_Ewrap_s1,extM,0,8,800000,linear,mse,1,1153,0.002033,0.03755,0.07351,0.485,4.885857895791782e-07,3.02,0.032,0.023,0.932,0.927,,,,,,,0.927,0.235,-0.104,0.9997,0.0373,0.9987,0.0703,0.903
d8_l1_h2_gelu_lin_mse_800k_M10pi_Ewrap_s2,extM,0,8,800000,linear,mse,2,1153,0.00232,0.03119,0.0898,0.236,0.02111586664513214,1.77,0.886,0.096,-0.07,-0.055,,,,,,,0.928,0.042,-0.131,0.9999,0.01933,0.9996,0.04244,0.999
d8_l1_h2_gelu_lin_mse_800k_M10pi_Ewrap_s3,extM,0,8,800000,linear,mse,3,1153,0.0007698,0.01054,0.02706,0.64,1.1556928935239314e-11,3.88,0.006,0.027,-0.958,-0.964,,,,,,,0.987,0.027,-0.006,1.0,0.006971,0.9999,0.01246,0.998
d8_l1_h2_gelu_lin_mse_800k_M10pi_Ewrap_s4,extM,0,8,800000,linear,mse,4,1153,0.002295,0.05424,0.06783,0.316,0.0013415648852896241,1.75,0.0,0.045,0.789,0.842,,,,,,,0.865,0.02,-0.269,0.9996,0.03876,0.9984,0.06272,0.985
